Date,Open,High,Low,Close,Adj Close,Volume
2010-06-07,51.2400016784668,51.86000061035156,48.790000915527344,48.970001220703125,48.184261322021484,1046300
2010-06-08,49.400001525878906,50.459999084472656,47.58000183105469,50.04999923706055,49.246925354003906,1939900
2010-06-09,50.54999923706055,53.060001373291016,50.54999923706055,51.439998626708984,50.61461639404297,1502800
2010-06-10,52.36000061035156,53.91999816894531,52.36000061035156,53.25,52.39558410644531,818900
2010-06-11,52.150001525878906,54.0,51.79999923706055,53.13999938964844,52.287330627441406,713500
2010-06-14,53.560001373291016,54.959999084472656,53.5,54.09000015258789,53.22209167480469,894800
2010-06-15,54.470001220703125,57.119998931884766,54.060001373291016,57.0,56.08540725708008,1604300
2010-06-16,55.900001525878906,56.619998931884766,55.380001068115234,55.61000061035156,54.71770477294922,1542200
2010-06-17,55.540000915527344,56.029998779296875,54.849998474121094,55.20000076293945,54.314292907714844,1007900
2010-06-18,55.11000061035156,55.91999816894531,54.41999816894531,54.93000030517578,54.048622131347656,721500
2010-06-21,56.2400016784668,56.2400016784668,53.25,53.56999969482422,52.710453033447266,1227200
2010-06-22,53.7599983215332,54.599998474121094,51.0099983215332,51.04999923706055,50.23086929321289,959700
2010-06-23,51.119998931884766,51.68000030517578,49.400001525878906,51.20000076293945,50.37847900390625,1200400
2010-06-24,50.970001220703125,50.970001220703125,49.599998474121094,49.709999084472656,48.91236877441406,885000
2010-06-25,49.880001068115234,50.75,49.34000015258789,50.25,49.44370651245117,1396700
2010-06-28,50.189998626708984,50.65999984741211,48.790000915527344,49.04999923706055,48.26297378540039,860900
2010-06-29,48.08000183105469,48.20000076293945,45.36000061035156,45.75,45.01592254638672,1662300
2010-06-30,45.77000045776367,47.349998474121094,45.45000076293945,46.27000045776367,45.5275764465332,1170300
2010-07-01,46.29999923706055,46.86000061035156,44.380001068115234,46.349998474121094,45.60628890991211,1526700
2010-07-02,46.529998779296875,46.70000076293945,44.9900016784668,45.470001220703125,44.740394592285156,956900
2010-07-06,46.36000061035156,47.0,42.810001373291016,43.0099983215332,42.31989288330078,1701900
2010-07-07,43.220001220703125,45.790000915527344,43.060001373291016,45.63999938964844,44.907684326171875,1803100
2010-07-08,46.61000061035156,47.90999984741211,45.900001525878906,47.65999984741211,46.895259857177734,1837500
2010-07-09,47.689998626708984,48.09000015258789,47.04999923706055,47.95000076293945,47.18062210083008,904100
2010-07-12,47.75,48.189998626708984,46.2599983215332,47.11000061035156,46.35409927368164,801000
2010-07-13,48.0099983215332,49.22999954223633,47.900001525878906,48.95000076293945,48.16456985473633,771600
2010-07-14,48.86000061035156,49.290000915527344,48.0,48.22999954223633,47.45612335205078,844100
2010-07-15,48.18000030517578,48.369998931884766,46.70000076293945,47.58000183105469,46.816551208496094,783900
2010-07-16,47.11000061035156,47.33000183105469,44.97999954223633,45.150001525878906,44.42554473876953,741100
2010-07-19,45.27000045776367,46.16999816894531,44.56999969482422,46.060001373291016,45.32095718383789,1148200
2010-07-20,45.43000030517578,47.540000915527344,45.11000061035156,47.22999954223633,46.47217559814453,910600
2010-07-21,47.61000061035156,47.93000030517578,46.529998779296875,47.18000030517578,46.422969818115234,786800
2010-07-22,48.41999816894531,50.43000030517578,48.16999816894531,50.04999923706055,49.246925354003906,990200
2010-07-23,49.709999084472656,51.66999816894531,49.349998474121094,51.16999816894531,50.34894943237305,921100
2010-07-26,51.16999816894531,52.56999969482422,50.79999923706055,52.529998779296875,51.6871223449707,644500
2010-07-27,53.11000061035156,53.20000076293945,50.630001068115234,50.849998474121094,50.03407669067383,1120200
2010-07-28,50.599998474121094,51.43000030517578,50.29999923706055,50.650001525878906,49.83730697631836,968600
2010-07-29,51.11000061035156,51.77000045776367,49.939998626708984,51.439998626708984,50.61461639404297,1326000
2010-07-30,50.54999923706055,52.150001525878906,50.279998779296875,51.88999938964844,51.057403564453125,818000
2010-08-02,52.900001525878906,53.45000076293945,52.68000030517578,53.40999984741211,52.553001403808594,735300
2010-08-03,52.97999954223633,53.09000015258789,51.150001525878906,51.18000030517578,50.358795166015625,930400
2010-08-04,51.650001525878906,53.459999084472656,51.470001220703125,53.33000183105469,52.47428512573242,898700
2010-08-05,52.77000045776367,53.41999816894531,52.27000045776367,53.0,52.14958190917969,445200
2010-08-06,52.18000030517578,53.31999969482422,52.119998931884766,53.099998474121094,52.24797439575195,586500
2010-08-09,53.369998931884766,53.880001068115234,53.02000045776367,53.779998779296875,52.91706466674805,461800
2010-08-10,52.66999816894531,53.709999084472656,52.54999923706055,53.27000045776367,52.415245056152344,426200
2010-08-11,52.15999984741211,52.15999984741211,50.119998931884766,50.2400016784668,49.43387985229492,864700
2010-08-12,49.040000915527344,51.02000045776367,49.0,50.77000045776367,49.95536804199219,638700
2010-08-13,50.68000030517578,50.709999084472656,49.18000030517578,49.2400016784668,48.44990539550781,674000
2010-08-16,48.529998779296875,49.41999816894531,48.119998931884766,48.31999969482422,47.58140182495117,1006000
2010-08-17,49.29999923706055,50.88999938964844,49.08000183105469,49.83000183105469,49.068328857421875,646800
2010-08-18,49.66999816894531,50.9900016784668,49.09000015258789,50.290000915527344,49.52128601074219,522000
2010-08-19,50.040000915527344,50.18000030517578,48.88999938964844,49.16999816894531,48.41839599609375,429000
2010-08-20,48.95000076293945,49.59000015258789,48.040000915527344,49.38999938964844,48.63504409790039,428500
2010-08-23,49.75,50.470001220703125,48.849998474121094,48.849998474121094,48.10328674316406,524500
2010-08-24,47.869998931884766,47.880001068115234,46.290000915527344,46.33000183105469,45.62181091308594,1146000
2010-08-25,45.689998626708984,46.939998626708984,45.540000915527344,46.599998474121094,45.88768005371094,1667900
2010-08-26,46.939998626708984,47.0,45.13999938964844,45.31999969482422,44.62726593017578,995900
2010-08-27,45.959999084472656,47.369998931884766,44.790000915527344,47.08000183105469,46.360347747802734,984600
2010-08-30,46.709999084472656,47.150001525878906,45.58000183105469,45.65999984741211,44.96205520629883,626900
2010-08-31,45.099998474121094,46.84000015258789,44.689998626708984,45.68000030517578,44.981754302978516,1128600
2010-09-01,46.970001220703125,48.630001068115234,46.83000183105469,47.91999816894531,47.187496185302734,922500
2010-09-02,47.7599983215332,50.56999969482422,47.7599983215332,50.33000183105469,49.56067657470703,1149900
2010-09-03,51.08000183105469,51.70000076293945,50.38999938964844,51.099998474121094,50.31892013549805,852700
2010-09-07,50.709999084472656,51.130001068115234,50.400001525878906,50.5,49.72807693481445,856100
2010-09-08,53.220001220703125,55.79999923706055,52.7599983215332,54.06999969482422,53.243499755859375,3882900
2010-09-09,55.38999938964844,55.9900016784668,53.97999954223633,54.36000061035156,53.529083251953125,1049200
2010-09-10,54.66999816894531,54.93000030517578,53.84000015258789,53.88999938964844,53.06624984741211,525500
2010-09-13,54.5,56.380001068115234,54.380001068115234,56.130001068115234,55.272029876708984,905800
2010-09-14,55.619998931884766,57.0,55.52000045776367,56.5,55.636348724365234,691400
2010-09-15,56.470001220703125,57.18000030517578,56.0099983215332,56.459999084472656,55.59698486328125,497000
2010-09-16,56.02000045776367,57.0099983215332,56.02000045776367,56.279998779296875,55.41972351074219,427200
2010-09-17,56.880001068115234,58.189998626708984,56.540000915527344,58.08000183105469,57.192222595214844,2551900
2010-09-20,58.2599983215332,60.18000030517578,58.099998474121094,60.02000045776367,59.102561950683594,1718700
2010-09-21,60.02000045776367,60.09000015258789,58.650001525878906,59.099998474121094,58.196617126464844,1049700
2010-09-22,59.33000183105469,59.54999923706055,57.52000045776367,58.189998626708984,57.300537109375,944400
2010-09-23,57.5099983215332,58.150001525878906,56.93000030517578,57.060001373291016,56.187801361083984,587600
2010-09-24,57.93000030517578,59.720001220703125,57.93000030517578,58.790000915527344,57.891357421875,803000
2010-09-27,58.68000030517578,59.79999923706055,58.529998779296875,58.72999954223633,57.832275390625,770400
2010-09-28,58.900001525878906,59.09000015258789,57.29999923706055,59.04999923706055,58.14738464355469,801400
2010-09-29,58.88999938964844,59.65999984741211,58.59000015258789,59.29999923706055,58.393558502197266,834500
2010-09-30,59.720001220703125,60.599998474121094,58.689998626708984,60.15999984741211,59.24041748046875,1044300
2010-10-01,60.86000061035156,61.38999938964844,59.7599983215332,59.9900016784668,59.072998046875,887300
2010-10-04,61.72999954223633,61.9900016784668,59.540000915527344,60.540000915527344,59.61461639404297,1079200
2010-10-05,61.25,62.939998626708984,61.0099983215332,62.40999984741211,61.45602798461914,750000
2010-10-06,62.04999923706055,62.2400016784668,61.400001525878906,61.93000030517578,60.983375549316406,792800
2010-10-07,62.459999084472656,63.22999954223633,62.060001373291016,62.779998779296875,61.82036590576172,710500
2010-10-08,62.849998474121094,63.9900016784668,62.650001525878906,63.11000061035156,62.145328521728516,571000
2010-10-11,63.060001373291016,63.70000076293945,62.119998931884766,62.560001373291016,61.60373306274414,652800
2010-10-12,62.16999816894531,63.31999969482422,61.34000015258789,63.040000915527344,62.07640075683594,667100
2010-10-13,63.5,63.68000030517578,62.93000030517578,62.970001220703125,62.007469177246094,547800
2010-10-14,62.900001525878906,63.70000076293945,62.79999923706055,63.45000076293945,62.48012161254883,593400
2010-10-15,64.12999725341797,64.12999725341797,62.31999969482422,62.91999816894531,61.95822525024414,728200
2010-10-18,62.970001220703125,63.27000045776367,62.189998626708984,62.470001220703125,61.51511001586914,732100
2010-10-19,61.369998931884766,62.0099983215332,59.58000183105469,60.02000045776367,59.102561950683594,1805000
2010-10-20,60.43000030517578,61.150001525878906,60.220001220703125,60.66999816894531,59.742618560791016,868200
2010-10-21,61.08000183105469,61.380001068115234,60.58000183105469,60.97999954223633,60.04788589477539,1441000
2010-10-22,61.060001373291016,62.130001068115234,60.970001220703125,61.72999954223633,60.78642272949219,358000
2010-10-25,62.52000045776367,63.439998626708984,62.380001068115234,62.630001068115234,61.67266845703125,1236100
2010-10-26,62.41999816894531,63.34000015258789,62.06999969482422,62.970001220703125,62.007469177246094,1016200
2010-10-27,62.349998474121094,62.349998474121094,60.52000045776367,61.470001220703125,60.530391693115234,1021300
2010-10-28,62.0,62.0,60.38999938964844,60.959999084472656,60.0281867980957,933100
2010-10-29,60.81999969482422,61.61000061035156,60.720001220703125,61.34000015258789,60.402374267578125,910800
2010-11-01,61.7400016784668,62.380001068115234,61.369998931884766,61.599998474121094,60.65840148925781,1250000
2010-11-02,62.2400016784668,62.58000183105469,61.130001068115234,61.79999923706055,60.8553466796875,907400
2010-11-03,61.93000030517578,62.04999923706055,60.560001373291016,61.36000061035156,60.42206954956055,845000
2010-11-04,62.529998779296875,63.20000076293945,61.900001525878906,63.099998474121094,62.13547897338867,1017300
2010-11-05,63.0,64.38999938964844,62.900001525878906,64.31999969482422,63.33681869506836,804600
2010-11-08,64.0199966430664,65.05000305175781,63.880001068115234,65.01000213623047,64.01627349853516,850800
2010-11-09,64.98999786376953,66.16999816894531,64.83000183105469,65.52999877929688,64.52833557128906,1317400
2010-11-10,64.41999816894531,64.43000030517578,62.790000915527344,63.150001525878906,62.1847038269043,1810300
2010-11-11,62.2599983215332,63.02000045776367,61.90999984741211,62.4900016784668,61.53479766845703,1011500
2010-11-12,61.880001068115234,62.22999954223633,59.47999954223633,59.52000045776367,58.610198974609375,1568100
2010-11-15,61.599998474121094,62.41999816894531,59.9900016784668,60.08000183105469,59.161643981933594,1364100
2010-11-16,59.7599983215332,60.349998474121094,59.060001373291016,59.5,58.62757873535156,1387000
2010-11-17,59.84000015258789,61.689998626708984,59.68000030517578,61.540000915527344,60.637672424316406,1088500
2010-11-18,62.279998779296875,63.150001525878906,62.04999923706055,62.849998474121094,61.928466796875,724200
2010-11-19,62.630001068115234,64.06999969482422,62.560001373291016,64.01000213623047,63.07146453857422,570900
2010-11-22,63.52000045776367,65.41999816894531,63.02000045776367,65.30000305175781,64.3425521850586,629600
2010-11-23,64.11000061035156,65.66000366210938,64.0,64.75,63.80061721801758,717800
2010-11-24,65.83000183105469,67.5999984741211,65.30000305175781,67.52999877929688,66.53986358642578,895000
2010-11-26,66.87000274658203,67.7699966430664,66.7699966430664,67.54000091552734,66.5496597290039,278300
2010-11-29,67.04000091552734,68.0999984741211,66.62999725341797,67.86000061035156,66.86498260498047,853200
2010-11-30,66.9000015258789,68.43000030517578,66.51000213623047,67.83999633789062,66.84528350830078,2486000
2010-12-01,69.29000091552734,70.72000122070312,69.26000213623047,70.0199966430664,68.99333953857422,1222900
2010-12-02,70.08000183105469,71.62000274658203,69.12000274658203,71.2300033569336,70.18560028076172,1305000
2010-12-03,70.72000122070312,72.41999816894531,68.5,70.0,68.97364044189453,2166200
2010-12-06,70.2699966430664,70.33000183105469,68.9000015258789,69.37999725341797,68.36273193359375,795900
2010-12-07,70.06999969482422,70.5,68.56999969482422,68.80000305175781,67.79122924804688,1022400
2010-12-08,69.12999725341797,69.58000183105469,67.79000091552734,68.55000305175781,67.5448989868164,774100
2010-12-09,69.13999938964844,69.30999755859375,68.6500015258789,69.18000030517578,68.16566467285156,661300
2010-12-10,69.27999877929688,69.72000122070312,68.44000244140625,69.18000030517578,68.16566467285156,541000
2010-12-13,69.44999694824219,69.9800033569336,68.01000213623047,68.12999725341797,67.1310806274414,931500
2010-12-14,68.19000244140625,68.3499984741211,66.30000305175781,66.48999786376953,65.51510620117188,1328900
2010-12-15,66.43000030517578,66.83000183105469,65.61000061035156,65.63999938964844,64.67754364013672,905300
2010-12-16,65.94999694824219,66.72000122070312,65.6500015258789,66.6500015258789,65.67273712158203,1044100
2010-12-17,66.66999816894531,67.79000091552734,66.6500015258789,67.58999633789062,66.59896087646484,1148500
2010-12-20,67.8499984741211,68.04000091552734,66.75,66.94000244140625,65.95850372314453,738500
2010-12-21,67.11000061035156,67.4800033569336,66.52999877929688,67.38999938964844,66.4018783569336,470700
2010-12-22,67.76000213623047,67.76000213623047,65.56999969482422,65.94999694824219,64.9830322265625,676200
2010-12-23,66.1500015258789,66.94999694824219,65.12000274658203,65.58999633789062,64.62828826904297,718000
2010-12-27,65.56999969482422,65.56999969482422,64.58000183105469,64.91999816894531,63.968109130859375,447000
2010-12-28,65.01000213623047,65.2699966430664,63.459999084472656,63.61000061035156,62.67732620239258,624900
2010-12-29,63.65999984741211,64.37999725341797,63.459999084472656,63.529998779296875,62.5984992980957,537900
2010-12-30,63.380001068115234,64.26000213623047,63.33000183105469,63.84000015258789,62.903961181640625,378900
2010-12-31,63.779998779296875,63.900001525878906,62.93000030517578,63.0099983215332,62.08610916137695,465100
2011-01-03,63.7599983215332,63.95000076293945,62.52000045776367,63.2599983215332,62.33245086669922,582300
2011-01-04,63.470001220703125,63.560001373291016,61.08000183105469,61.56999969482422,60.667240142822266,909900
2011-01-05,61.22999954223633,62.72999954223633,60.619998931884766,62.65999984741211,61.741241455078125,909200
2011-01-06,62.54999923706055,62.599998474121094,60.439998626708984,61.130001068115234,60.233680725097656,996700
2011-01-07,60.0,60.290000915527344,58.02000045776367,58.91999816894531,58.05608367919922,2030200
2011-01-10,58.849998474121094,61.93000030517578,58.72999954223633,61.790000915527344,60.884010314941406,1720000
2011-01-11,60.27000045776367,61.0,59.31999969482422,59.939998626708984,59.061126708984375,2100400
2011-01-12,60.56999969482422,60.75,60.0,60.279998779296875,59.39613723754883,765300
2011-01-13,60.5,60.79999923706055,60.119998931884766,60.34000015258789,59.455257415771484,855000
2011-01-14,60.38999938964844,60.72999954223633,59.79999923706055,60.540000915527344,59.65234375,518800
2011-01-18,60.31999969482422,60.47999954223633,58.81999969482422,59.59000015258789,58.716270446777344,1265400
2011-01-19,59.41999816894531,59.5099983215332,58.36000061035156,58.66999816894531,57.80976104736328,665900
2011-01-20,58.599998474121094,59.209999084472656,57.95000076293945,58.099998474121094,57.24810028076172,830600
2011-01-21,58.59000015258789,58.59000015258789,56.27000045776367,56.83000183105469,55.99673843383789,1100100
2011-01-24,57.119998931884766,59.27000045776367,57.119998931884766,58.599998474121094,57.74076843261719,1400100
2011-01-25,58.31999969482422,58.58000183105469,57.470001220703125,58.560001373291016,57.701377868652344,537100
2011-01-26,59.0,59.880001068115234,58.25,59.58000183105469,58.70640563964844,885300
2011-01-27,59.38999938964844,60.0,58.900001525878906,59.599998474121094,58.72611999511719,963700
2011-01-28,59.540000915527344,59.72999954223633,57.66999816894531,58.04999923706055,57.19884490966797,741100
2011-01-31,58.15999984741211,58.75,57.36000061035156,58.369998931884766,57.5141487121582,1010600
2011-02-01,58.88999938964844,59.349998474121094,58.25,58.86000061035156,57.99696731567383,1113600
2011-02-02,58.709999084472656,58.75,57.119998931884766,57.790000915527344,56.94265365600586,842800
2011-02-03,57.810001373291016,59.529998779296875,57.790000915527344,58.93000030517578,58.06593322753906,703700
2011-02-04,59.029998779296875,62.27000045776367,58.7400016784668,61.560001373291016,60.65738296508789,1595800
2011-02-07,61.619998931884766,63.56999969482422,61.0099983215332,62.77000045776367,61.849632263183594,1409200
2011-02-08,62.70000076293945,63.369998931884766,61.630001068115234,63.220001220703125,62.29303741455078,1134000
2011-02-09,63.31999969482422,64.4000015258789,62.27000045776367,62.43000030517578,61.51462173461914,1448600
2011-02-10,62.0,62.2599983215332,60.900001525878906,62.130001068115234,61.21902847290039,1056000
2011-02-11,61.880001068115234,62.5099983215332,61.689998626708984,62.02000045776367,61.11063003540039,550300
2011-02-14,62.20000076293945,62.25,61.18000030517578,61.81999969482422,60.9135627746582,682700
2011-02-15,61.59000015258789,62.209999084472656,60.650001525878906,61.13999938964844,60.243534088134766,969100
2011-02-16,61.599998474121094,61.599998474121094,60.029998779296875,60.130001068115234,59.24835205078125,1037800
2011-02-17,60.16999816894531,60.16999816894531,58.75,58.93000030517578,58.06593322753906,1339600
2011-02-18,59.0099983215332,59.380001068115234,58.38999938964844,58.650001525878906,57.7900505065918,1116200
2011-02-22,58.27000045776367,60.70000076293945,58.0,59.2599983215332,58.39110565185547,2652600
2011-02-23,59.209999084472656,60.25,57.83000183105469,58.86000061035156,57.99696731567383,1609300
2011-02-24,59.0,60.02000045776367,58.7400016784668,59.47999954223633,58.607872009277344,1370200
2011-02-25,59.75,60.810001373291016,59.470001220703125,60.2599983215332,59.37644958496094,1207400
2011-02-28,60.54999923706055,61.0,59.56999969482422,60.0099983215332,59.1301155090332,599500
2011-03-01,60.119998931884766,61.900001525878906,58.59000015258789,59.08000183105469,58.21375274658203,1400800
2011-03-02,58.97999954223633,59.91999816894531,58.880001068115234,59.18000030517578,58.31227111816406,718200
2011-03-03,59.88999938964844,61.61000061035156,59.5099983215332,61.33000183105469,60.43075942993164,806200
2011-03-04,61.29999923706055,61.77000045776367,60.849998474121094,61.310001373291016,60.41103744506836,702300
2011-03-07,61.33000183105469,61.5099983215332,59.13999938964844,60.470001220703125,59.58335494995117,1172500
2011-03-08,60.63999938964844,61.880001068115234,60.08000183105469,61.13999938964844,60.243534088134766,579800
2011-03-09,60.939998626708984,63.02000045776367,60.939998626708984,62.81999969482422,61.89890670776367,852700
2011-03-10,61.86000061035156,62.27000045776367,61.02000045776367,61.43000030517578,60.529273986816406,792100
2011-03-11,60.720001220703125,62.849998474121094,60.41999816894531,62.68000030517578,61.76097106933594,716300
2011-03-14,62.02000045776367,62.36000061035156,60.40999984741211,61.04999923706055,60.19133758544922,613000
2011-03-15,59.310001373291016,60.779998779296875,58.7599983215332,60.380001068115234,59.53077697753906,694300
2011-03-16,60.2599983215332,61.310001373291016,59.45000076293945,59.95000076293945,59.10681915283203,673400
2011-03-17,61.119998931884766,61.150001525878906,59.380001068115234,59.43000030517578,58.59413528442383,881900
2011-03-18,60.25,60.25,56.59000015258789,56.720001220703125,55.9222526550293,1435700
2011-03-21,57.63999938964844,57.810001373291016,56.81999969482422,57.150001525878906,56.3462028503418,1084700
2011-03-22,57.34000015258789,57.599998474121094,56.36000061035156,56.529998779296875,55.734920501708984,1162100
2011-03-23,56.36000061035156,58.13999938964844,55.099998474121094,57.36000061035156,56.55324935913086,1736200
2011-03-24,57.709999084472656,59.29999923706055,57.709999084472656,59.08000183105469,58.249053955078125,1463300
2011-03-25,59.310001373291016,60.86000061035156,58.77000045776367,60.400001525878906,59.55049514770508,1229800
2011-03-28,60.70000076293945,62.02000045776367,59.88999938964844,60.16999816894531,59.32372283935547,2838100
2011-03-29,62.31999969482422,65.41999816894531,61.75,65.19999694824219,64.28297424316406,4047400
2011-03-30,64.91000366210938,64.91000366210938,63.95000076293945,64.5199966430664,63.61254119873047,1841600
2011-03-31,64.25,65.16000366210938,63.90999984741211,65.02999877929688,64.1153564453125,1075000
2011-04-01,65.61000061035156,66.72000122070312,65.16999816894531,66.18000030517578,65.2491683959961,1118000
2011-04-04,66.41999816894531,66.88999938964844,65.0199966430664,65.43000030517578,64.50972747802734,723800
2011-04-05,65.43000030517578,66.83000183105469,65.3499984741211,66.08999633789062,65.16045379638672,979800
2011-04-06,66.47000122070312,66.87999725341797,64.68000030517578,65.23999786376953,64.32242584228516,605400
2011-04-07,65.26000213623047,66.45999908447266,64.9000015258789,64.97000122070312,64.05622100830078,792500
2011-04-08,65.19000244140625,65.37999725341797,63.47999954223633,64.08000183105469,63.17873001098633,536900
2011-04-11,64.06999969482422,65.4000015258789,64.0199966430664,65.0,64.0858154296875,766400
2011-04-12,64.55000305175781,66.22000122070312,64.13999938964844,65.8499984741211,64.92382049560547,1043100
2011-04-13,66.33999633789062,66.4000015258789,65.38999938964844,66.12999725341797,65.19990539550781,967700
2011-04-14,65.51000213623047,67.26000213623047,65.51000213623047,66.61000061035156,65.67314147949219,1222800
2011-04-15,66.69999694824219,67.20999908447266,65.83000183105469,66.4000015258789,65.46613311767578,647600
2011-04-18,65.37999725341797,66.12999725341797,64.6500015258789,65.95999908447266,65.03229522705078,552000
2011-04-19,66.18000030517578,67.23999786376953,65.9000015258789,66.26000213623047,65.32805633544922,823100
2011-04-20,67.63999938964844,70.0999984741211,67.5,68.80999755859375,67.84219360351562,1623800
2011-04-21,69.16999816894531,69.16999816894531,67.9800033569336,68.87999725341797,67.91122436523438,562000
2011-04-25,68.72000122070312,69.81999969482422,68.54000091552734,69.43000030517578,68.45350646972656,757300
2011-04-26,70.05999755859375,70.1500015258789,68.55999755859375,69.16000366210938,68.18730926513672,869600
2011-04-27,69.44000244140625,71.56999969482422,69.3499984741211,71.54000091552734,70.5338134765625,938400
2011-04-28,71.0999984741211,71.80999755859375,70.47000122070312,71.54000091552734,70.5338134765625,731400
2011-04-29,71.37999725341797,71.4800033569336,70.2300033569336,70.41000366210938,69.41969299316406,764000
2011-05-02,70.62000274658203,70.87999725341797,68.87000274658203,69.4000015258789,68.42391204833984,856300
2011-05-03,69.26000213623047,69.66999816894531,67.02999877929688,67.66000366210938,66.7083740234375,1171800
2011-05-04,67.7699966430664,68.44999694824219,66.66999816894531,67.80000305175781,66.84640502929688,886400
2011-05-05,67.3499984741211,70.4000015258789,67.20999908447266,69.62000274658203,68.64080810546875,1145000
2011-05-06,70.33999633789062,70.33999633789062,66.91999816894531,67.52999877929688,66.58023834228516,1305500
2011-05-09,67.7699966430664,69.19000244140625,67.33999633789062,69.04000091552734,68.06895446777344,1000100
2011-05-10,69.25,70.29000091552734,68.98999786376953,69.94999694824219,68.96614837646484,495200
2011-05-11,69.88999938964844,70.0,68.75,69.23999786376953,68.26615905761719,712900
2011-05-12,69.11000061035156,70.4800033569336,68.69000244140625,70.38999938964844,69.39997863769531,387000
2011-05-13,70.08000183105469,70.69000244140625,69.37000274658203,69.8499984741211,68.86759185791016,422000
2011-05-16,69.54000091552734,69.80999755859375,67.87000274658203,68.22000122070312,67.26050567626953,723100
2011-05-17,67.80000305175781,68.5,66.56999969482422,67.29000091552734,66.38056945800781,759500
2011-05-18,67.4800033569336,68.4000015258789,67.43000030517578,68.0199966430664,67.10070037841797,366800
2011-05-19,68.41999816894531,69.33000183105469,67.58999633789062,69.0999984741211,68.16609954833984,399900
2011-05-20,68.47000122070312,68.47000122070312,65.23999786376953,65.7699966430664,64.88111114501953,1574900
2011-05-23,64.75,66.20999908447266,64.30000305175781,65.0,64.12153625488281,806900
2011-05-24,65.1500015258789,65.7699966430664,64.76000213623047,64.93000030517578,64.05247497558594,499100
2011-05-25,62.7599983215332,64.05999755859375,61.869998931884766,63.310001373291016,62.45436096191406,1611600
2011-05-26,63.47999954223633,66.41999816894531,63.47999954223633,66.19000244140625,65.29544830322266,1138500
2011-05-27,65.66999816894531,67.97000122070312,64.95999908447266,66.58000183105469,65.68016815185547,1030600
2011-05-31,67.5,67.88999938964844,65.44000244140625,65.97000122070312,65.0783920288086,2347500
2011-06-01,68.4000015258789,68.45999908447266,65.05999755859375,66.3499984741211,65.45327758789062,3713700
2011-06-02,66.27999877929688,66.87000274658203,64.62999725341797,65.16000366210938,64.27936553955078,1334800
2011-06-03,64.31999969482422,66.31999969482422,64.16000366210938,64.62999725341797,63.756507873535156,1051200
2011-06-06,64.63999938964844,65.06999969482422,63.290000915527344,63.40999984741211,62.55299758911133,845000
2011-06-07,63.4900016784668,64.5999984741211,63.380001068115234,64.1500015258789,63.28300094604492,858900
2011-06-08,63.7599983215332,63.880001068115234,62.0,62.5099983215332,61.665164947509766,1206400
2011-06-09,62.84000015258789,63.810001373291016,61.40999984741211,63.27000045776367,62.41490173339844,905700
2011-06-10,62.84000015258789,63.33000183105469,61.79999923706055,62.150001525878906,61.3100471496582,958000
2011-06-13,62.52000045776367,64.2300033569336,62.5,63.08000183105469,62.22745895385742,1086300
2011-06-14,63.810001373291016,64.66000366210938,63.61000061035156,63.7599983215332,62.89825439453125,1076800
2011-06-15,62.939998626708984,63.400001525878906,61.66999816894531,62.119998931884766,61.28042221069336,1107000
2011-06-16,62.41999816894531,62.810001373291016,60.95000076293945,61.720001220703125,60.885841369628906,1178500
2011-06-17,62.29999923706055,63.130001068115234,61.90999984741211,62.599998474121094,61.75394058227539,1226500
2011-06-20,62.279998779296875,63.88999938964844,62.13999938964844,63.380001068115234,62.523406982421875,793100
2011-06-21,63.54999923706055,65.30999755859375,63.54999923706055,64.52999877929688,63.657859802246094,855700
2011-06-22,64.4000015258789,64.6500015258789,63.130001068115234,63.15999984741211,62.30638122558594,521800
2011-06-23,62.56999969482422,65.47000122070312,62.45000076293945,65.4000015258789,64.51612091064453,1370400
2011-06-24,65.4000015258789,65.80999755859375,64.13999938964844,64.33999633789062,63.47041320800781,1333500
2011-06-27,64.45999908447266,65.51000213623047,64.01000213623047,64.56999969482422,63.69731521606445,575400
2011-06-28,64.95999908447266,65.94000244140625,64.83999633789062,65.48999786376953,64.60490417480469,558700
2011-06-29,65.6500015258789,65.97000122070312,64.83999633789062,65.16999816894531,64.28919219970703,701800
2011-06-30,65.19999694824219,66.2699966430664,65.18000030517578,65.47000122070312,64.58516693115234,798600
2011-07-01,65.66999816894531,67.12000274658203,64.9000015258789,67.02999877929688,66.12405395507812,1039000
2011-07-05,67.16999816894531,68.62000274658203,66.4000015258789,68.4800033569336,67.55450439453125,931100
2011-07-06,68.33000183105469,69.48999786376953,67.87999725341797,69.18000030517578,68.24501037597656,991900
2011-07-07,69.88999938964844,71.37999725341797,69.63999938964844,70.56999969482422,69.6162338256836,1122700
2011-07-08,69.4000015258789,70.11000061035156,68.58000183105469,70.08999633789062,69.14271545410156,904100
2011-07-11,68.36000061035156,70.08000183105469,67.58000183105469,68.25,67.32756805419922,1036600
2011-07-12,68.04000091552734,68.58000183105469,67.56999969482422,67.87999725341797,66.96257781982422,1126300
2011-07-13,68.5,71.12000274658203,68.43000030517578,70.4000015258789,69.44852447509766,1755900
2011-07-14,70.98999786376953,73.31999969482422,70.91999816894531,72.80000305175781,71.81611633300781,2335700
2011-07-15,73.27999877929688,74.04000091552734,72.75,73.77999877929688,72.78282928466797,1957900
2011-07-18,73.6500015258789,74.19000244140625,72.75,73.38999938964844,72.39811706542969,1505100
2011-07-19,74.0,75.58999633789062,73.87000274658203,75.29000091552734,74.2724380493164,1425300
2011-07-20,75.1500015258789,75.1500015258789,73.1500015258789,73.93000030517578,72.93082427978516,778800
2011-07-21,74.69000244140625,75.86000061035156,74.16000366210938,75.05999755859375,74.04552459716797,1108900
2011-07-22,75.02999877929688,75.36000061035156,74.47000122070312,74.66999816894531,73.66085052490234,393400
2011-07-25,73.93000030517578,74.73999786376953,73.62000274658203,74.20999908447266,73.20704650878906,507700
2011-07-26,74.12999725341797,74.88999938964844,73.55000305175781,73.68000030517578,72.6841812133789,885400
2011-07-27,73.68000030517578,73.68000030517578,71.56999969482422,71.75,70.7802963256836,851000
2011-07-28,72.08000183105469,73.4800033569336,71.58000183105469,71.77999877929688,70.80987548828125,787500
2011-07-29,70.94999694824219,72.19000244140625,69.4800033569336,71.55000305175781,70.58299255371094,775600
2011-08-01,72.66999816894531,73.16000366210938,69.94000244140625,70.69000244140625,69.73458862304688,1613400
2011-08-02,69.88999938964844,70.81999969482422,67.44000244140625,67.54000091552734,66.6271743774414,1631700
2011-08-03,67.73999786376953,69.62000274658203,65.6500015258789,69.43000030517578,68.49165344238281,1114600
2011-08-04,67.83000183105469,68.36000061035156,62.33000183105469,62.45000076293945,61.605960845947266,2348100
2011-08-05,63.5,67.20999908447266,61.970001220703125,66.62999725341797,65.7294692993164,2461400
2011-08-08,64.30000305175781,65.06999969482422,57.06999969482422,57.93000030517578,57.147064208984375,3194000
2011-08-09,59.09000015258789,60.970001220703125,55.81999969482422,60.959999084472656,60.136104583740234,1759400
2011-08-10,59.93000030517578,63.0099983215332,59.5,59.959999084472656,59.149627685546875,1980100
2011-08-11,60.33000183105469,63.970001220703125,60.119998931884766,63.099998474121094,62.2471923828125,1397200
2011-08-12,63.61000061035156,65.02999877929688,62.310001373291016,64.56999969482422,63.69731521606445,1077700
2011-08-15,64.86000061035156,66.0,63.349998474121094,64.75,63.87489700317383,858100
2011-08-16,63.90999984741211,63.970001220703125,62.0,62.65999984741211,61.84943389892578,903000
2011-08-17,63.27000045776367,63.84000015258789,60.0,60.63999938964844,59.855552673339844,1199000
2011-08-18,58.779998779296875,58.83000183105469,54.15999984741211,54.77000045776367,54.06150817871094,2193100
2011-08-19,53.9900016784668,55.689998626708984,51.150001525878906,51.470001220703125,50.80418014526367,2174100
2011-08-22,52.79999923706055,54.189998626708984,52.27000045776367,52.72999954223633,52.047889709472656,1188900
2011-08-23,53.0,56.81999969482422,52.27000045776367,56.56999969482422,55.838218688964844,1056600
2011-08-24,57.029998779296875,59.68000030517578,56.47999954223633,59.34000015258789,58.5723876953125,1340600
2011-08-25,60.08000183105469,60.97999954223633,57.31999969482422,57.70000076293945,56.953590393066406,1265500
2011-08-26,57.36000061035156,61.59000015258789,57.040000915527344,61.08000183105469,60.28987121582031,1135900
2011-08-29,62.400001525878906,64.7699966430664,62.18000030517578,64.48999786376953,63.655757904052734,1240900
2011-08-30,64.20999908447266,65.23999786376953,62.86000061035156,64.9000015258789,64.06047058105469,1476700
2011-08-31,66.66000366210938,68.94000244140625,65.13999938964844,66.66000366210938,65.79769134521484,2272200
2011-09-01,66.91999816894531,68.73999786376953,65.95999908447266,66.4000015258789,65.54108428955078,1620600
2011-09-02,65.02999877929688,65.05000305175781,61.84000015258789,62.41999816894531,61.6125373840332,1401500
2011-09-06,60.16999816894531,61.5,58.7599983215332,60.709999084472656,59.924659729003906,1662200
2011-09-07,61.939998626708984,64.33000183105469,61.220001220703125,63.68000030517578,62.85623550415039,1757000
2011-09-08,63.060001373291016,64.95999908447266,62.849998474121094,63.220001220703125,62.40218734741211,1204400
2011-09-09,62.45000076293945,64.41000366210938,60.369998931884766,61.459999084472656,60.664955139160156,1715500
2011-09-12,60.31999969482422,63.40999984741211,59.880001068115234,62.0099983215332,61.20783996582031,1474700
2011-09-13,62.52000045776367,63.869998931884766,61.880001068115234,63.31999969482422,62.50088882446289,1214400
2011-09-14,63.72999954223633,65.80000305175781,61.97999954223633,64.5,63.66564178466797,1202000
2011-09-15,65.43000030517578,65.9800033569336,63.970001220703125,65.66000366210938,64.81061553955078,756200
2011-09-16,65.81999969482422,66.58000183105469,64.47000122070312,66.0999984741211,65.24494171142578,1232400
2011-09-19,64.62999725341797,66.79000091552734,63.810001373291016,66.23999786376953,65.38311004638672,964200
2011-09-20,66.41999816894531,67.0999984741211,65.30000305175781,65.91000366210938,65.05741119384766,1256900
2011-09-21,66.0199966430664,66.38999938964844,62.400001525878906,62.810001373291016,61.997493743896484,1463000
2011-09-22,60.36000061035156,62.470001220703125,59.400001525878906,60.900001525878906,60.11220169067383,1723600
2011-09-23,60.65999984741211,63.209999084472656,60.13999938964844,63.150001525878906,62.333091735839844,1302500
2011-09-26,63.939998626708984,64.37999725341797,61.27000045776367,64.31999969482422,63.48794174194336,882900
2011-09-27,65.83999633789062,66.97000122070312,64.86000061035156,65.33999633789062,64.49473571777344,939600
2011-09-28,65.44999694824219,66.91000366210938,63.54999923706055,63.7400016784668,62.915470123291016,782000
2011-09-29,65.26000213623047,65.26000213623047,58.529998779296875,62.209999084472656,61.40526580810547,1447700
2011-09-30,61.0099983215332,61.400001525878906,58.220001220703125,58.2400016784668,57.48661422729492,1331700
2011-10-03,57.66999816894531,59.63999938964844,55.88999938964844,56.22999954223633,55.50260925292969,1227800
2011-10-04,54.7599983215332,57.5099983215332,53.5099983215332,57.380001068115234,56.63772964477539,1900000
2011-10-05,57.529998779296875,59.91999816894531,55.59000015258789,59.400001525878906,58.63159942626953,1118300
2011-10-06,59.310001373291016,61.709999084472656,59.060001373291016,61.220001220703125,60.42805862426758,855000
2011-10-07,61.7599983215332,62.68000030517578,60.43000030517578,61.36000061035156,60.56624221801758,801300
2011-10-10,62.83000183105469,64.6500015258789,62.560001373291016,64.02999877929688,63.20170974731445,1000400
2011-10-11,63.91999816894531,64.72000122070312,63.040000915527344,64.04000091552734,63.21158218383789,916500
2011-10-12,65.11000061035156,68.7699966430664,64.95999908447266,66.7300033569336,65.86678314208984,1445800
2011-10-13,65.98999786376953,66.7300033569336,65.16000366210938,66.18000030517578,65.3238754272461,841900
2011-10-14,67.30000305175781,67.95999908447266,66.66999816894531,67.83000183105469,66.95256805419922,827700
2011-10-17,67.11000061035156,67.33999633789062,65.33999633789062,65.66000366210938,64.81061553955078,1171600
2011-10-18,65.45999908447266,67.08999633789062,62.970001220703125,66.4800033569336,65.6200180053711,938000
2011-10-19,66.54000091552734,66.80000305175781,65.19000244140625,65.83000183105469,64.97842407226562,1055800
2011-10-20,65.97000122070312,67.81999969482422,65.27999877929688,67.55000305175781,66.6761703491211,860300
2011-10-21,68.4000015258789,70.36000061035156,68.4000015258789,70.11000061035156,69.20305633544922,1316400
2011-10-24,71.0199966430664,74.02999877929688,70.76000213623047,73.1500015258789,72.20374298095703,1029000
2011-10-25,72.68000030517578,73.29000091552734,70.66000366210938,70.76000213623047,69.84465789794922,1029200
2011-10-26,71.95999908447266,72.02999877929688,69.41000366210938,70.19999694824219,69.29187774658203,1114500
2011-10-27,73.37000274658203,73.66999816894531,72.0,73.20999908447266,72.26294708251953,1738100
2011-10-28,73.0,74.83999633789062,72.62999725341797,74.7699966430664,73.80274200439453,1049700
2011-10-31,73.30999755859375,75.0999984741211,72.6500015258789,74.41000366210938,73.44743347167969,1564600
2011-11-01,71.1500015258789,74.75,70.62999725341797,74.08999633789062,73.1315689086914,1561700
2011-11-02,75.45999908447266,75.91000366210938,73.3499984741211,75.80999755859375,74.82933044433594,1381500
2011-11-03,76.04000091552734,76.04000091552734,70.5,74.61000061035156,73.64483642578125,2327300
2011-11-04,73.95999908447266,74.94999694824219,72.43000030517578,74.04000091552734,73.08224487304688,768800
2011-11-07,73.7300033569336,74.66000366210938,71.9800033569336,73.23999786376953,72.29257202148438,517800
2011-11-08,73.4800033569336,74.01000213623047,71.56999969482422,73.44000244140625,72.48998260498047,673900
2011-11-09,71.30999755859375,71.30999755859375,68.41000366210938,69.2699966430664,68.3739242553711,1205500
2011-11-10,70.04000091552734,70.37999725341797,67.61000061035156,68.56999969482422,67.68295288085938,959600
2011-11-11,69.55999755859375,71.5999984741211,69.04000091552734,70.80000305175781,69.8841323852539,557700
2011-11-14,70.45999908447266,71.2699966430664,69.8499984741211,70.29000091552734,69.38070678710938,392700
2011-11-15,70.08999633789062,70.9000015258789,69.0,69.81999969482422,68.95409393310547,777600
2011-11-16,68.80000305175781,69.5199966430664,68.25,68.61000061035156,67.75909423828125,870900
2011-11-17,68.18000030517578,68.9000015258789,65.93000030517578,66.69000244140625,65.86289978027344,1205300
2011-11-18,67.30000305175781,67.4000015258789,65.75,65.80000305175781,64.98395538330078,683300
2011-11-21,63.79999923706055,64.79000091552734,62.810001373291016,63.59000015258789,62.80134201049805,1641600
2011-11-22,63.61000061035156,66.41000366210938,63.61000061035156,65.33999633789062,64.52962493896484,1228100
2011-11-23,64.62000274658203,65.52999877929688,64.19999694824219,64.94000244140625,64.13461303710938,643600
2011-11-25,64.62000274658203,65.41000366210938,64.30000305175781,64.58999633789062,63.78895950317383,259700
2011-11-28,67.38999938964844,68.98999786376953,67.01000213623047,67.76000213623047,66.91966247558594,1165000
2011-11-29,67.45999908447266,68.08000183105469,66.2699966430664,67.13999938964844,66.30732727050781,935000
2011-11-30,69.8499984741211,70.12000274658203,67.0,67.88999938964844,67.04802703857422,1383900
2011-12-01,67.88999938964844,68.3499984741211,66.6500015258789,67.62000274658203,66.7813720703125,1640900
2011-12-02,72.25,74.13999938964844,70.08999633789062,72.77999877929688,71.87737274169922,3284400
2011-12-05,73.38999938964844,75.25,72.97000122070312,74.83000183105469,73.90196228027344,1734000
2011-12-06,74.98999786376953,75.4000015258789,74.55999755859375,74.83999633789062,73.91181945800781,924100
2011-12-07,73.98999786376953,74.44999694824219,71.7699966430664,72.69999694824219,71.79834747314453,1098600
2011-12-08,71.13999938964844,72.70999908447266,70.23999786376953,70.56999969482422,69.6948013305664,1098600
2011-12-09,70.86000061035156,72.30000305175781,69.76000213623047,71.95999908447266,71.06757354736328,1170100
2011-12-12,71.0,71.4800033569336,70.11000061035156,71.19999694824219,70.31697082519531,802600
2011-12-13,71.95999908447266,71.98999786376953,67.52999877929688,68.37000274658203,67.52207946777344,573900
2011-12-14,67.9000015258789,68.5,67.23999786376953,67.80999755859375,66.96902465820312,1000300
2011-12-15,68.62000274658203,68.9800033569336,66.95999908447266,68.83000183105469,67.9763412475586,1145500
2011-12-16,69.47000122070312,69.9000015258789,68.12000274658203,68.58000183105469,67.7294692993164,1135400
2011-12-19,69.06999969482422,69.81999969482422,67.76000213623047,67.9000015258789,67.05791473388672,643400
2011-12-20,69.01000213623047,69.5,68.16000366210938,68.62000274658203,67.76898193359375,561100
2011-12-21,66.69999694824219,68.62000274658203,66.36000061035156,68.43000030517578,67.58131408691406,2509300
2011-12-22,68.7699966430664,69.45999908447266,68.41000366210938,68.58999633789062,67.73931884765625,576200
2011-12-23,68.75,70.2699966430664,68.75,70.25,69.37875366210938,263600
2011-12-27,69.94999694824219,71.76000213623047,69.94999694824219,71.19000244140625,70.30707550048828,532700
2011-12-28,71.0,71.06999969482422,69.61000061035156,69.80999755859375,68.9441909790039,428100
2011-12-29,70.04000091552734,71.18000030517578,69.6500015258789,70.58000183105469,69.70464324951172,476200
2011-12-30,70.5999984741211,71.2699966430664,70.3499984741211,70.48999786376953,69.61578369140625,371100
2012-01-03,72.20999908447266,72.51000213623047,71.08000183105469,71.22000122070312,70.33672332763672,754000
2012-01-04,71.2300033569336,73.87000274658203,71.05000305175781,73.86000061035156,72.94398498535156,963300
2012-01-05,72.88999938964844,73.2699966430664,70.38999938964844,72.68000030517578,71.77862548828125,881400
2012-01-06,72.80000305175781,73.93000030517578,71.80000305175781,73.66000366210938,72.7464599609375,846800
2012-01-09,74.5199966430664,74.76000213623047,72.33000183105469,73.80000305175781,72.88471984863281,979600
2012-01-10,73.94000244140625,74.25,73.20999908447266,74.0,73.08226776123047,657300
2012-01-11,73.94999694824219,74.4000015258789,73.5999984741211,73.9000015258789,72.9834976196289,877200
2012-01-12,72.27999877929688,76.54000091552734,70.58999633789062,76.16999816894531,75.22532653808594,3191600
2012-01-13,75.36000061035156,77.08999633789062,74.98999786376953,75.4000015258789,74.4648666381836,1033400
2012-01-17,76.13999938964844,76.37000274658203,74.55000305175781,74.98999786376953,74.0599594116211,781500
2012-01-18,74.58999633789062,76.37999725341797,73.9800033569336,76.01000213623047,75.06732940673828,1118000
2012-01-19,76.16999816894531,77.4000015258789,75.9000015258789,76.94999694824219,75.99564361572266,893200
2012-01-20,77.0,77.2699966430664,76.27999877929688,76.63999938964844,75.68949890136719,605500
2012-01-23,76.5,77.4800033569336,75.83999633789062,76.27999877929688,75.3339614868164,802200
2012-01-24,76.16000366210938,78.37000274658203,75.91999816894531,77.94000244140625,76.97337341308594,1242400
2012-01-25,77.70999908447266,77.98999786376953,76.68000030517578,77.5999984741211,76.6375961303711,963100
2012-01-26,77.83999633789062,77.95999908447266,76.43000030517578,76.94000244140625,75.98579406738281,748400
2012-01-27,76.94999694824219,77.27999877929688,76.4800033569336,76.69999694824219,75.74874114990234,476500
2012-01-30,76.08000183105469,77.18000030517578,75.44000244140625,76.62000274658203,75.66975402832031,391600
2012-01-31,77.08000183105469,77.7699966430664,76.45999908447266,77.19000244140625,76.2326889038086,935000
2012-02-01,77.75,77.7699966430664,76.16999816894531,76.47000122070312,75.52162170410156,1224000
2012-02-02,76.75,76.91999816894531,76.1500015258789,76.26000213623047,75.3142318725586,884600
2012-02-03,77.11000061035156,78.73999786376953,76.43000030517578,78.11000061035156,77.14128112792969,968200
2012-02-06,77.87000274658203,78.61000061035156,77.36000061035156,78.30999755859375,77.33877563476562,404900
2012-02-07,78.01000213623047,79.7300033569336,77.55000305175781,79.12000274658203,78.13873291015625,625700
2012-02-08,81.47000122070312,82.94999694824219,80.2699966430664,81.05000305175781,80.0447998046875,1093000
2012-02-09,81.04000091552734,81.73999786376953,80.19999694824219,81.2699966430664,80.2620620727539,618800
2012-02-10,80.81999969482422,81.45999908447266,80.45999908447266,81.30000305175781,80.29170989990234,749000
2012-02-13,81.9800033569336,82.41000366210938,81.3499984741211,82.04000091552734,81.02253723144531,674300
2012-02-14,81.66999816894531,82.51000213623047,81.19999694824219,82.37000274658203,81.34844970703125,506000
2012-02-15,82.51000213623047,82.9000015258789,81.18000030517578,81.69999694824219,80.68675231933594,698300
2012-02-16,81.52999877929688,82.94000244140625,81.37999725341797,82.12000274658203,81.1015396118164,435700
2012-02-17,82.5,82.9000015258789,81.79000091552734,82.2300033569336,81.2101821899414,307900
2012-02-21,82.66000366210938,83.5,81.61000061035156,82.26000213623047,81.23981475830078,629400
2012-02-22,82.26000213623047,82.69999694824219,81.76000213623047,82.22000122070312,81.20030212402344,398400
2012-02-23,82.05999755859375,82.68000030517578,81.62999725341797,82.16000366210938,81.14105987548828,363300
2012-02-24,82.13999938964844,82.58999633789062,81.44000244140625,82.41999816894531,81.39781951904297,351500
2012-02-27,81.68000030517578,83.80000305175781,81.45999908447266,82.94999694824219,81.9212417602539,456800
2012-02-28,82.88999938964844,83.55000305175781,82.29000091552734,83.33999633789062,82.3064193725586,407100
2012-02-29,83.73999786376953,85.06999969482422,83.30999755859375,85.01000213623047,83.95570373535156,1007200
2012-03-01,85.4800033569336,86.72000122070312,84.6500015258789,85.55000305175781,84.489013671875,1129900
2012-03-02,85.7300033569336,86.0,84.38999938964844,84.72000122070312,83.66929626464844,800400
2012-03-05,84.70999908447266,85.33999633789062,84.13999938964844,85.18000030517578,84.12358093261719,624000
2012-03-06,83.91999816894531,84.29000091552734,82.5,83.01000213623047,81.98051452636719,581500
2012-03-07,83.33999633789062,83.86000061035156,82.87000274658203,83.5,82.46443939208984,380600
2012-03-08,83.9000015258789,85.56999969482422,83.7300033569336,84.69000244140625,83.63968658447266,571400
2012-03-09,84.7699966430664,87.0,84.66000366210938,86.93000030517578,85.8519058227539,547200
2012-03-12,86.9800033569336,87.6500015258789,86.2699966430664,87.27999877929688,86.19757080078125,460100
2012-03-13,87.7699966430664,89.01000213623047,87.01000213623047,89.0,87.93449401855469,593400
2012-03-14,89.4800033569336,89.4800033569336,87.98999786376953,88.94000244140625,87.87522888183594,588200
2012-03-15,88.66999816894531,89.48999786376953,87.97000122070312,88.7300033569336,87.66770935058594,568900
2012-03-16,90.63999938964844,90.63999938964844,88.55000305175781,89.2699966430664,88.20126342773438,1325800
2012-03-19,88.9800033569336,89.97000122070312,88.81999969482422,89.0,87.93449401855469,703900
2012-03-20,88.37000274658203,89.87000274658203,88.37000274658203,89.33000183105469,88.26053619384766,494000
2012-03-21,89.4000015258789,90.11000061035156,89.36000061035156,89.52999877929688,88.4581527709961,693100
2012-03-22,89.23999786376953,90.61000061035156,88.44999694824219,89.97000122070312,88.89289093017578,834800
2012-03-23,90.31999969482422,90.31999969482422,87.44000244140625,89.55000305175781,88.47791290283203,627100
2012-03-26,90.87999725341797,92.12999725341797,89.58999633789062,90.83000183105469,89.74259948730469,1094500
2012-03-27,90.80999755859375,90.95999908447266,89.75,89.80999755859375,88.73480987548828,1283700
2012-03-28,90.83999633789062,92.4000015258789,88.25,88.63999938964844,87.57881164550781,2551300
2012-03-29,88.37000274658203,89.9000015258789,87.3499984741211,89.48999786376953,88.41864013671875,1521500
2012-03-30,89.69000244140625,90.91000366210938,88.6500015258789,89.33000183105469,88.26053619384766,1407500
2012-04-02,90.25,92.04000091552734,89.52999877929688,91.4000015258789,90.30574035644531,1232600
2012-04-03,91.41000366210938,92.41000366210938,90.95999908447266,91.7300033569336,90.63182067871094,832400
2012-04-04,91.0199966430664,92.05999755859375,90.47000122070312,91.25,90.1575698852539,934400
2012-04-05,90.7699966430664,92.80999755859375,90.7699966430664,91.87999725341797,90.78002166748047,870400
2012-04-09,90.66999816894531,91.2300033569336,89.83000183105469,90.63999938964844,89.55487823486328,1050900
2012-04-10,90.66999816894531,90.68000030517578,86.81999969482422,87.19000244140625,86.14615631103516,1128300
2012-04-11,88.29000091552734,89.97000122070312,87.7699966430664,88.05999755859375,87.0057601928711,1187400
2012-04-12,88.44999694824219,88.80000305175781,87.7699966430664,88.5,87.44048309326172,1067300
2012-04-13,88.45999908447266,89.56999969482422,88.05000305175781,89.01000213623047,87.94436645507812,805700
2012-04-16,89.19000244140625,89.69000244140625,87.70999908447266,88.5999984741211,87.53927612304688,556000
2012-04-17,89.36000061035156,90.0,88.7300033569336,89.87000274658203,88.7940902709961,652800
2012-04-18,89.2300033569336,90.33000183105469,89.08000183105469,90.0199966430664,88.9422836303711,518200
2012-04-19,89.79000091552734,90.08999633789062,88.11000061035156,88.68000030517578,87.61832427978516,642800
2012-04-20,89.2699966430664,90.0999984741211,88.37999725341797,88.5199966430664,87.46023559570312,792400
2012-04-23,87.05000305175781,87.55999755859375,85.30999755859375,87.08000183105469,86.03749084472656,1047200
2012-04-24,87.48999786376953,88.75,86.08999633789062,86.73999786376953,85.70154571533203,926900
2012-04-25,87.7300033569336,88.95999908447266,87.45999908447266,88.93000030517578,87.8653335571289,557300
2012-04-26,88.9000015258789,90.98999786376953,88.41999816894531,90.54000091552734,89.4560775756836,559800
2012-04-27,90.7699966430664,91.44999694824219,89.73999786376953,90.05999755859375,88.98179626464844,709800
2012-04-30,89.80000305175781,90.1500015258789,88.3499984741211,88.80000305175781,87.73689270019531,763100
2012-05-01,88.7699966430664,91.08000183105469,88.43000030517578,89.62000274658203,88.54708862304688,1564000
2012-05-02,89.37000274658203,93.05999755859375,89.37000274658203,92.3499984741211,91.24440002441406,1171000
2012-05-03,92.20999908447266,92.48999786376953,90.36000061035156,90.9800033569336,89.89081573486328,1193000
2012-05-04,89.68000030517578,89.76000213623047,85.25,85.66000366210938,84.63450622558594,2039600
2012-05-07,85.11000061035156,86.0,83.76000213623047,84.08000183105469,83.07339477539062,1049400
2012-05-08,81.37999725341797,82.0,76.44000244140625,81.31999969482422,80.34645080566406,2863900
2012-05-09,80.2300033569336,81.73999786376953,79.56999969482422,81.38999938964844,80.41559600830078,1404600
2012-05-10,81.63999938964844,82.48999786376953,79.48999786376953,80.20999908447266,79.24971771240234,1238900
2012-05-11,79.70999908447266,82.22000122070312,79.30000305175781,81.2300033569336,80.25750732421875,851200
2012-05-14,78.80000305175781,80.76000213623047,78.37999725341797,79.51000213623047,78.55810546875,853600
2012-05-15,79.52999877929688,80.73999786376953,79.04000091552734,79.41000366210938,78.49684143066406,985600
2012-05-16,79.95999908447266,80.5199966430664,76.25,76.33999633789062,75.4621353149414,2274900
2012-05-17,76.44000244140625,76.73999786376953,72.58999633789062,72.69999694824219,71.86398315429688,2150000
2012-05-18,73.0199966430664,74.91000366210938,72.47000122070312,72.70999908447266,71.8738784790039,1501400
2012-05-21,73.19000244140625,76.0999984741211,73.0,75.9800033569336,75.10623168945312,1524700
2012-05-22,76.91000366210938,78.0199966430664,76.44000244140625,77.55000305175781,76.658203125,1864500
2012-05-23,77.72000122070312,78.77999877929688,74.98999786376953,77.37000274658203,76.48030853271484,2665300
2012-05-24,81.62999725341797,84.12000274658203,81.5199966430664,82.37999725341797,81.43266296386719,2954800
2012-05-25,82.69000244140625,82.98999786376953,81.83999633789062,82.45999908447266,81.51172637939453,1134800
2012-05-29,83.37000274658203,84.69000244140625,81.91999816894531,84.63999938964844,83.66668701171875,1483200
2012-05-30,83.83000183105469,83.86000061035156,82.55000305175781,83.04000091552734,82.08507537841797,1654700
2012-05-31,83.05000305175781,83.30000305175781,78.80000305175781,81.0,80.06855010986328,4214000
2012-06-01,79.61000061035156,79.61000061035156,75.33999633789062,76.47000122070312,75.59064483642578,1545300
2012-06-04,76.5,77.25,74.69999694824219,77.18000030517578,76.29246520996094,1179400
2012-06-05,77.18000030517578,79.80000305175781,76.9800033569336,79.66000366210938,78.74394989013672,1555200
2012-06-06,80.70999908447266,81.38999938964844,79.9000015258789,80.25,79.32715606689453,1031300
2012-06-07,81.61000061035156,81.61000061035156,77.83000183105469,78.79000091552734,77.88397979736328,1215400
2012-06-08,78.58999633789062,79.98999786376953,77.9000015258789,79.95999908447266,79.04047393798828,746400
2012-06-11,80.87999725341797,80.93000030517578,77.30999755859375,77.45999908447266,76.56925964355469,835400
2012-06-12,78.05999755859375,79.0,76.83999633789062,78.08999633789062,77.1919937133789,671900
2012-06-13,77.66999816894531,78.18000030517578,75.37999725341797,75.94999694824219,75.07659912109375,859100
2012-06-14,76.33000183105469,78.11000061035156,75.30999755859375,77.30999755859375,76.42096710205078,1205300
2012-06-15,77.66000366210938,79.44999694824219,77.02999877929688,79.38999938964844,78.47705078125,1188000
2012-06-18,78.63999938964844,80.43000030517578,77.55000305175781,80.18000030517578,79.25797271728516,1002100
2012-06-19,80.41000366210938,82.1500015258789,79.98999786376953,80.80999755859375,79.8807144165039,859400
2012-06-20,80.6500015258789,81.13999938964844,79.0,79.4800033569336,78.56604766845703,1097400
2012-06-21,80.26000213623047,82.23999786376953,78.8499984741211,79.45999908447266,78.54623413085938,1474600
2012-06-22,79.37999725341797,80.61000061035156,78.2699966430664,79.80000305175781,78.88236236572266,2535200
2012-06-25,78.72000122070312,78.93000030517578,77.04000091552734,77.88999938964844,76.99430084228516,741300
2012-06-26,78.19000244140625,78.80999755859375,76.51000213623047,78.19000244140625,77.29084014892578,806500
2012-06-27,78.70999908447266,78.76000213623047,77.05999755859375,77.88999938964844,76.99430084228516,656200
2012-06-28,77.22000122070312,77.4000015258789,73.91999816894531,75.31999969482422,74.4538345336914,1251000
2012-06-29,76.5199966430664,78.37999725341797,76.5,77.79000091552734,76.89545440673828,1150700
2012-07-02,78.11000061035156,78.87999725341797,77.76000213623047,78.80999755859375,77.90374755859375,491600
2012-07-03,78.70999908447266,80.18000030517578,78.13999938964844,80.0999984741211,79.17890167236328,498800
2012-07-05,80.0999984741211,82.26000213623047,79.31999969482422,82.0999984741211,81.1558837890625,1335900
2012-07-06,81.0199966430664,81.7300033569336,79.41000366210938,79.68000030517578,78.76371002197266,756900
2012-07-09,79.63999938964844,80.48999786376953,77.37000274658203,77.58999633789062,76.69774627685547,822100
2012-07-10,78.29000091552734,78.94000244140625,77.4000015258789,78.62000274658203,77.71591186523438,1053600
2012-07-11,78.5199966430664,78.5199966430664,74.44999694824219,75.5199966430664,74.65153503417969,1068200
2012-07-12,74.69999694824219,74.97000122070312,73.26000213623047,74.47000122070312,73.6136474609375,868000
2012-07-13,75.27999877929688,77.45999908447266,74.76000213623047,76.38999938964844,75.51153564453125,2414600
2012-07-16,76.36000061035156,76.58999633789062,75.01000213623047,76.44000244140625,75.56098937988281,633700
2012-07-17,76.94999694824219,77.5,75.47000122070312,76.19000244140625,75.31388092041016,709700
2012-07-18,76.1500015258789,78.02999877929688,75.43000030517578,77.4000015258789,76.5099105834961,555900
2012-07-19,78.30999755859375,81.4800033569336,77.77999877929688,80.36000061035156,79.43589782714844,858300
2012-07-20,79.62999725341797,79.72000122070312,78.37999725341797,79.12999725341797,78.22003936767578,621200
2012-07-23,77.19000244140625,78.27999877929688,76.5,77.80999755859375,76.91521453857422,475700
2012-07-24,78.23999786376953,78.55999755859375,75.56999969482422,76.18000030517578,75.303955078125,544200
2012-07-25,76.26000213623047,77.08000183105469,74.88999938964844,75.45999908447266,74.59224700927734,560500
2012-07-26,77.3499984741211,78.51000213623047,76.69999694824219,78.19000244140625,77.29084014892578,420200
2012-07-27,78.98999786376953,81.13999938964844,78.56999969482422,80.91999816894531,79.98944091796875,581000
2012-07-30,80.83999633789062,82.47000122070312,80.75,81.22000122070312,80.28601837158203,790200
2012-07-31,80.69000244140625,80.86000061035156,79.11000061035156,79.43000030517578,78.51659393310547,793600
2012-08-01,80.0,80.20999908447266,77.9000015258789,77.9800033569336,77.08329772949219,1049100
2012-08-02,77.25,78.11000061035156,74.91000366210938,75.19000244140625,74.32534790039062,1948300
2012-08-03,77.2300033569336,78.13999938964844,76.19999694824219,77.54000091552734,76.6483383178711,1698200
2012-08-06,77.44999694824219,79.54000091552734,77.37999725341797,78.86000061035156,77.95316314697266,772600
2012-08-07,80.0,84.98999786376953,80.0,84.25,83.28115844726562,2099600
2012-08-08,83.04000091552734,84.66999816894531,82.52999877929688,84.54000091552734,83.5678482055664,754600
2012-08-09,84.33000183105469,84.5999984741211,83.4800033569336,84.08000183105469,83.11312103271484,521200
2012-08-10,83.66000366210938,84.33000183105469,82.94000244140625,83.83999633789062,82.87588500976562,513300
2012-08-13,83.91000366210938,84.9000015258789,82.7300033569336,84.9000015258789,83.9236831665039,570000
2012-08-14,85.62000274658203,86.0,85.02999877929688,85.2699966430664,84.28942108154297,591500
2012-08-15,85.2699966430664,87.08000183105469,85.2699966430664,86.77999877929688,85.7820816040039,510900
2012-08-16,86.98999786376953,88.16000366210938,86.2300033569336,87.55999755859375,86.5531005859375,434600
2012-08-17,87.45999908447266,89.30999755859375,87.44000244140625,89.01000213623047,87.98640441894531,683900
2012-08-20,89.01000213623047,89.01000213623047,86.87999725341797,87.19000244140625,86.18734741210938,569400
2012-08-21,87.36000061035156,88.62999725341797,87.36000061035156,87.75,86.77874755859375,424800
2012-08-22,87.37000274658203,87.75,86.06999969482422,87.4800033569336,86.51171875,477200
2012-08-23,87.05999755859375,87.54000091552734,86.55999755859375,87.06999969482422,86.10626220703125,556400
2012-08-24,86.75,88.38999938964844,86.73999786376953,87.94000244140625,86.96664428710938,473000
2012-08-27,87.80000305175781,88.83999633789062,87.0999984741211,88.48999786376953,87.51057434082031,1016700
2012-08-28,93.16999816894531,94.73999786376953,92.44999694824219,92.7699966430664,91.7431640625,3034100
2012-08-29,93.0,94.0999984741211,92.66999816894531,93.81999969482422,92.78155517578125,960700
2012-08-30,93.18000030517578,94.06999969482422,92.52999877929688,93.48999786376953,92.45520782470703,539700
2012-08-31,94.16000366210938,94.48999786376953,92.80999755859375,93.9000015258789,92.86066436767578,597400
2012-09-04,93.7300033569336,94.69999694824219,92.51000213623047,94.37000274658203,93.32544708251953,1115600
2012-09-05,94.0,94.0,92.37999725341797,93.0,91.97061920166016,787000
2012-09-06,93.9000015258789,95.05000305175781,93.51000213623047,94.55999755859375,93.51336669921875,648300
2012-09-07,94.95999908447266,95.9800033569336,94.05000305175781,94.06999969482422,93.02880096435547,1005600
2012-09-10,94.45999908447266,94.95999908447266,93.58999633789062,93.5999984741211,92.56397247314453,938200
2012-09-11,92.54000091552734,93.29000091552734,91.69000244140625,92.7300033569336,91.70364379882812,867400
2012-09-12,93.02999877929688,93.97000122070312,92.0,92.76000213623047,91.73328399658203,610600
2012-09-13,92.6500015258789,93.94999694824219,91.69000244140625,93.33999633789062,92.30686950683594,805000
2012-09-14,93.87000274658203,95.5,93.5,94.79000091552734,93.74079895019531,715400
2012-09-17,94.37000274658203,94.5999984741211,93.72000122070312,94.2699966430664,93.22659301757812,457900
2012-09-18,93.45999908447266,93.45999908447266,90.1500015258789,91.56999969482422,90.55647277832031,1063200
2012-09-19,92.0,93.02999877929688,91.58000183105469,92.30999755859375,91.28826141357422,657500
2012-09-20,91.69000244140625,92.83999633789062,90.4800033569336,92.51000213623047,91.48603820800781,649300
2012-09-21,93.05999755859375,93.45999908447266,92.05000305175781,92.62999725341797,91.60472869873047,947100
2012-09-24,93.08999633789062,95.58999633789062,92.6500015258789,94.2699966430664,93.22659301757812,1566500
2012-09-25,94.79000091552734,95.54000091552734,92.31999969482422,92.75,91.72341918945312,1080700
2012-09-26,93.1500015258789,95.41000366210938,91.94000244140625,92.58999633789062,91.56514739990234,871600
2012-09-27,92.9000015258789,94.16000366210938,91.2699966430664,93.43000030517578,92.39585876464844,666000
2012-09-28,93.19999694824219,94.19999694824219,91.36000061035156,93.72000122070312,92.68265533447266,775700
2012-10-01,94.08999633789062,95.04000091552734,92.16000366210938,92.94999694824219,91.92118072509766,872800
2012-10-02,94.06999969482422,94.5999984741211,92.58000183105469,92.91999816894531,91.89153289794922,926400
2012-10-03,93.88999938964844,95.0,93.8499984741211,94.70999908447266,93.66169738769531,715700
2012-10-04,94.9000015258789,95.87000274658203,94.3499984741211,95.83000183105469,94.7693099975586,619900
2012-10-05,96.27999877929688,96.94000244140625,95.0,95.5,94.44294738769531,618500
2012-10-08,95.1500015258789,95.97000122070312,94.06999969482422,94.45999908447266,93.41448211669922,333100
2012-10-09,94.61000061035156,95.80000305175781,93.19000244140625,93.25,92.21784973144531,469300
2012-10-10,93.41999816894531,94.31999969482422,92.9000015258789,93.19000244140625,92.15853881835938,382700
2012-10-11,94.30000305175781,94.7300033569336,93.56999969482422,94.05999755859375,93.01887512207031,546000
2012-10-12,93.93000030517578,94.5,92.68000030517578,92.75,91.72341918945312,343500
2012-10-15,93.4000015258789,95.12000274658203,92.95999908447266,94.95999908447266,93.908935546875,456000
2012-10-16,95.11000061035156,97.41999816894531,94.69999694824219,97.12000274658203,96.04503631591797,682800
2012-10-17,97.33999633789062,98.29000091552734,97.02999877929688,98.0,96.91527557373047,1131900
2012-10-18,98.12000274658203,99.05000305175781,97.45999908447266,98.30000305175781,97.21195983886719,539600
2012-10-19,98.0999984741211,98.95999908447266,96.2300033569336,96.7300033569336,95.65933227539062,419900
2012-10-22,94.62999725341797,96.7300033569336,94.23999786376953,95.41000366210938,94.35395050048828,576100
2012-10-23,93.86000061035156,95.91999816894531,93.27999877929688,94.48999786376953,93.44413757324219,439400
2012-10-24,94.88999938964844,94.91000366210938,93.16999816894531,93.87000274658203,92.83100891113281,391800
2012-10-25,94.56999969482422,95.05000305175781,92.29000091552734,93.01000213623047,91.98051452636719,464600
2012-10-26,93.12000274658203,93.52999877929688,90.36000061035156,91.5,90.48722839355469,575600
2012-10-31,109.44999694824219,112.47000122070312,105.01000213623047,109.98999786376953,108.77254486083984,5934200
2012-11-01,109.69000244140625,115.08999633789062,108.1500015258789,114.75,113.47991180419922,3137900
2012-11-02,114.44999694824219,115.81999969482422,110.02999877929688,111.12000274658203,109.89006805419922,1769200
2012-11-05,110.93000030517578,112.62000274658203,110.66999816894531,111.37000274658203,110.13729858398438,1353000
2012-11-06,111.4000015258789,114.8499984741211,111.4000015258789,114.11000061035156,112.84695434570312,1297100
2012-11-07,112.51000213623047,113.66000366210938,111.27999877929688,112.25,111.00755310058594,894800
2012-11-08,112.61000061035156,112.61000061035156,109.91999816894531,110.20999908447266,108.99015808105469,1163800
2012-11-09,109.94999694824219,111.68000030517578,108.26000213623047,108.87999725341797,107.67484283447266,1318700
2012-11-12,108.75,111.02999877929688,108.75,109.98999786376953,108.77254486083984,773500
2012-11-13,109.08999633789062,110.73999786376953,108.44000244140625,108.5999984741211,107.39796447753906,891200
2012-11-14,109.81999969482422,110.0999984741211,106.0,107.05999755859375,105.87499237060547,908700
2012-11-15,106.69000244140625,108.0,106.2300033569336,107.30999755859375,106.12224578857422,911400
2012-11-16,107.48999786376953,108.61000061035156,106.37999725341797,108.29000091552734,107.0914077758789,671100
2012-11-19,109.80000305175781,111.81999969482422,109.61000061035156,111.23999786376953,110.04633331298828,892600
2012-11-20,111.19000244140625,111.72000122070312,109.2300033569336,110.44999694824219,109.26481628417969,910200
2012-11-21,110.05000305175781,111.94999694824219,107.91999816894531,109.5999984741211,108.42394256591797,895200
2012-11-23,109.29000091552734,111.30000305175781,109.29000091552734,110.97000122070312,109.77925109863281,458800
2012-11-26,110.4800033569336,113.80999755859375,109.7699966430664,110.73999786376953,109.5517349243164,905900
2012-11-27,110.66999816894531,112.0,108.8499984741211,109.29000091552734,108.1172866821289,1468500
2012-11-28,110.33000183105469,116.94000244140625,110.0999984741211,116.45999908447266,115.21031188964844,2617300
2012-11-29,116.63999938964844,117.22000122070312,113.12000274658203,114.83999633789062,113.60773468017578,1118600
2012-11-30,115.05999755859375,115.47000122070312,112.55999755859375,114.58999633789062,113.3603744506836,751000
2012-12-03,114.9000015258789,115.7699966430664,112.83999633789062,115.08999633789062,113.85502624511719,982000
2012-12-04,114.87999725341797,115.4000015258789,112.22000122070312,113.7300033569336,112.5096206665039,1065800
2012-12-05,113.76000213623047,114.29000091552734,110.29000091552734,111.13999938964844,109.94741821289062,1436200
2012-12-06,110.44999694824219,112.44000244140625,108.87999725341797,112.18000030517578,110.97625732421875,696500
2012-12-07,112.47000122070312,113.54000091552734,111.45999908447266,112.51000213623047,111.30271911621094,758400
2012-12-10,112.5999984741211,113.20999908447266,109.69000244140625,110.55999755859375,109.37362670898438,871000
2012-12-11,111.37999725341797,111.81999969482422,109.83999633789062,110.94999694824219,109.75946807861328,901700
2012-12-12,111.29000091552734,111.5,108.37000274658203,109.37000274658203,108.19639587402344,915900
2012-12-13,109.51000213623047,110.4800033569336,107.69999694824219,108.76000213623047,107.5929183959961,746500
2012-12-14,108.41000366210938,109.41000366210938,108.19000244140625,108.36000061035156,107.19722747802734,829700
2012-12-17,108.48999786376953,110.38999938964844,107.5999984741211,110.2300033569336,109.04716491699219,823500
2012-12-18,109.9000015258789,112.26000213623047,109.30000305175781,111.93000030517578,110.72891998291016,1066300
2012-12-19,111.80999755859375,113.5199966430664,111.73999786376953,112.47000122070312,111.26314544677734,1258800
2012-12-20,112.72000122070312,112.83999633789062,110.19999694824219,112.19000244140625,110.98612976074219,1367600
2012-12-21,109.6500015258789,111.69999694824219,109.48999786376953,109.94999694824219,108.77019500732422,1171800
2012-12-24,110.0,111.20999908447266,109.02999877929688,110.55999755859375,109.37362670898438,339900
2012-12-26,110.5999984741211,110.75,107.11000061035156,107.80000305175781,106.64326477050781,881100
2012-12-27,108.1500015258789,110.0,107.29000091552734,109.20999908447266,108.03810119628906,481600
2012-12-28,108.55000305175781,110.0,107.7300033569336,108.22000122070312,107.05872344970703,518800
2012-12-31,107.94999694824219,111.88999938964844,107.94999694824219,111.01000213623047,109.81880187988281,875000
2013-01-02,113.30000305175781,113.83000183105469,109.7699966430664,111.80000305175781,110.60032653808594,969400
2013-01-03,111.43000030517578,113.9000015258789,110.86000061035156,113.69999694824219,112.4799575805664,879800
2013-01-04,114.04000091552734,115.98999786376953,113.69000244140625,115.66000366210938,114.4189224243164,804300
2013-01-07,115.81999969482422,117.5199966430664,115.33000183105469,117.04000091552734,115.78409576416016,1244400
2013-01-08,116.7699966430664,117.8499984741211,116.55000305175781,117.83000183105469,116.56563568115234,738800
2013-01-09,118.47000122070312,119.37000274658203,118.06999969482422,118.45999908447266,117.18883514404297,984900
2013-01-10,119.36000061035156,119.36000061035156,116.8499984741211,117.80999755859375,116.54583740234375,877500
2013-01-11,117.9800033569336,118.16999816894531,116.16999816894531,117.47000122070312,116.20948791503906,431300
2013-01-14,117.33999633789062,118.29000091552734,115.91999816894531,117.73999786376953,116.47657775878906,677300
2013-01-15,116.0,119.62000274658203,116.0,119.44999694824219,118.16825103759766,585900
2013-01-16,118.95999908447266,119.26000213623047,117.18000030517578,118.36000061035156,117.08992004394531,694400
2013-01-17,115.45999908447266,119.91999816894531,115.45999908447266,118.97000122070312,117.69340515136719,999400
2013-01-18,117.3499984741211,118.2699966430664,115.80999755859375,118.0199966430664,116.75360107421875,747800
2013-01-22,118.47000122070312,118.86000061035156,117.2300033569336,117.5999984741211,116.33808898925781,922300
2013-01-23,116.0,117.81999969482422,115.27999877929688,117.56999969482422,116.30841827392578,908100
2013-01-24,117.86000061035156,118.88999938964844,116.55999755859375,118.69000244140625,117.41639709472656,587300
2013-01-25,118.68000030517578,121.26000213623047,118.2699966430664,120.86000061035156,119.56309509277344,848700
2013-01-28,121.0,121.19999694824219,119.54000091552734,120.0999984741211,118.81127166748047,419300
2013-01-29,120.58000183105469,120.75,119.11000061035156,119.8499984741211,118.56395721435547,561000
2013-01-30,119.73999786376953,119.94000244140625,117.75,118.27999877929688,117.01079559326172,715500
2013-01-31,118.02999877929688,119.38999938964844,117.01000213623047,118.87000274658203,117.59445190429688,589900
2013-02-01,118.95999908447266,119.56999969482422,115.88999938964844,116.26000213623047,115.01248168945312,1422400
2013-02-04,115.56999969482422,117.68000030517578,114.91999816894531,116.12999725341797,114.88385009765625,1225200
2013-02-05,116.7699966430664,117.30999755859375,115.72000122070312,116.41000366210938,115.16087341308594,917100
2013-02-06,117.7300033569336,122.68000030517578,117.43000030517578,121.37999725341797,120.0775146484375,1152200
2013-02-07,121.22000122070312,122.97000122070312,119.69000244140625,122.81999969482422,121.50208282470703,1062500
2013-02-08,124.02999877929688,124.52999877929688,122.30999755859375,122.47000122070312,121.15583038330078,698000
2013-02-11,122.0999984741211,122.26000213623047,118.63999938964844,119.5,118.21772003173828,1233600
2013-02-12,120.06999969482422,121.63999938964844,119.22000122070312,120.72000122070312,119.42463684082031,1251600
2013-02-13,120.86000061035156,121.72000122070312,119.70999908447266,120.48999786376953,119.19705963134766,17444200
2013-02-14,119.9800033569336,121.05999755859375,119.4000015258789,120.30000305175781,119.00910949707031,1457700
2013-02-15,120.06999969482422,121.43000030517578,119.05000305175781,120.0999984741211,118.81127166748047,1561000
2013-02-19,120.5999984741211,121.22000122070312,119.81999969482422,121.13999938964844,119.84012603759766,1302100
2013-02-20,121.68000030517578,122.0,118.11000061035156,118.38999938964844,117.1196060180664,956000
2013-02-21,118.30000305175781,118.63999938964844,116.94999694824219,117.80000305175781,116.53593444824219,1279300
2013-02-22,118.18000030517578,119.05999755859375,117.79000091552734,118.88999938964844,117.61425018310547,1202400
2013-02-25,120.04000091552734,120.12999725341797,117.36000061035156,117.36000061035156,116.10069274902344,1155700
2013-02-26,118.12999725341797,120.0199966430664,116.94000244140625,119.79000091552734,118.50460052490234,1160700
2013-02-27,119.9000015258789,121.6500015258789,119.29000091552734,120.70999908447266,119.41470336914062,1116500
2013-02-28,120.41999816894531,122.33000183105469,120.26000213623047,121.8499984741211,120.54248046875,1176700
2013-03-01,121.48999786376953,122.81999969482422,121.12999725341797,122.05999755859375,120.75022888183594,853000
2013-03-04,121.76000213623047,123.91000366210938,121.62999725341797,123.87999725341797,122.5506820678711,716700
2013-03-05,124.69999694824219,125.44000244140625,123.95999908447266,125.06999969482422,123.72794342041016,682800
2013-03-06,124.77999877929688,125.5,122.51000213623047,122.72000122070312,121.40314483642578,826700
2013-03-07,123.08999633789062,124.37000274658203,122.76000213623047,124.08000183105469,122.74855041503906,880200
2013-03-08,124.20999908447266,124.51000213623047,122.45999908447266,123.27999877929688,121.9571533203125,951900
2013-03-11,123.20999908447266,123.23999786376953,120.41000366210938,120.91999816894531,119.6224594116211,1079800
2013-03-12,118.05999755859375,118.81999969482422,116.5999984741211,118.01000213623047,116.7436752319336,1324300
2013-03-13,118.37000274658203,119.93000030517578,117.66000366210938,119.5,118.21772003173828,905000
2013-03-14,119.31999969482422,119.68000030517578,118.27999877929688,118.72000122070312,117.4460678100586,798200
2013-03-15,118.18000030517578,119.69000244140625,117.87000274658203,117.97000122070312,116.70411682128906,1515000
2013-03-18,117.54000091552734,117.72000122070312,115.79000091552734,116.05999755859375,114.81461334228516,1115800
2013-03-19,116.26000213623047,116.26000213623047,113.9000015258789,114.26000213623047,113.03394317626953,1038500
2013-03-20,114.80000305175781,114.98999786376953,112.2699966430664,112.73999786376953,111.53024291992188,1343700
2013-03-21,111.5199966430664,113.16999816894531,111.12000274658203,111.83000183105469,110.66631317138672,958400
2013-03-22,112.16999816894531,113.2699966430664,111.56999969482422,111.86000061035156,110.69600677490234,860800
2013-03-25,112.0,113.3499984741211,111.91000366210938,113.19999694824219,112.02205657958984,984500
2013-03-26,113.37000274658203,114.06999969482422,112.55000305175781,113.94000244140625,112.75436401367188,943400
2013-03-27,112.9800033569336,113.23999786376953,111.62000274658203,112.79000091552734,111.61634063720703,1623700
2013-03-28,109.27999877929688,110.66999816894531,106.61000061035156,106.80999755859375,105.69855499267578,4921300
2013-04-01,106.54000091552734,108.0,104.22000122070312,106.19999694824219,105.09489440917969,1626900
2013-04-02,106.9000015258789,107.11000061035156,105.47000122070312,105.94000244140625,104.83761596679688,1294600
2013-04-03,105.8499984741211,106.1500015258789,104.87000274658203,105.08000183105469,103.98656463623047,1551700
2013-04-04,105.01000213623047,105.5999984741211,104.02999877929688,104.81999969482422,103.72926330566406,1522500
2013-04-05,103.5199966430664,108.02999877929688,102.72000122070312,107.77999877929688,106.65847778320312,1455400
2013-04-08,107.29000091552734,108.27999877929688,106.5199966430664,108.26000213623047,107.13346862792969,833000
2013-04-09,108.12999725341797,108.12999725341797,106.36000061035156,107.77999877929688,106.65847778320312,881300
2013-04-10,108.0,109.47000122070312,107.06999969482422,109.41000366210938,108.2715072631836,888500
2013-04-11,109.62000274658203,112.75,109.4000015258789,111.43000030517578,110.27050018310547,1379000
2013-04-12,110.86000061035156,110.98999786376953,109.4800033569336,109.7300033569336,108.58816528320312,752000
2013-04-15,108.80000305175781,109.29000091552734,104.80999755859375,104.91000366210938,103.81832885742188,1263500
2013-04-16,105.9000015258789,106.55999755859375,104.01000213623047,106.55000305175781,105.44126892089844,1150000
2013-04-17,105.97000122070312,106.37999725341797,104.63999938964844,104.75,103.65999603271484,1034300
2013-04-18,105.0199966430664,105.83999633789062,103.30000305175781,103.8499984741211,102.76936340332031,924000
2013-04-19,104.37000274658203,106.13999938964844,104.18000030517578,106.08000183105469,104.9761734008789,770000
2013-04-22,106.19999694824219,106.95999908447266,105.37999725341797,106.43000030517578,105.3225326538086,613500
2013-04-23,107.51000213623047,109.4000015258789,107.30000305175781,109.36000061035156,108.22201538085938,896800
2013-04-24,109.36000061035156,110.48999786376953,108.9000015258789,109.45999908447266,108.32097625732422,863100
2013-04-25,109.94000244140625,111.45999908447266,109.66000366210938,111.3499984741211,110.19129943847656,739000
2013-04-26,111.20999908447266,111.79000091552734,110.12999725341797,111.5999984741211,110.43871307373047,834600
2013-04-29,112.61000061035156,115.94999694824219,112.41000366210938,114.3499984741211,113.16011047363281,1137700
2013-04-30,115.5,116.5,113.61000061035156,115.41000366210938,114.20907592773438,1411700
2013-05-01,115.45999908447266,116.19999694824219,114.26000213623047,115.05000305175781,113.85282135009766,796300
2013-05-02,115.20999908447266,115.20999908447266,113.44999694824219,114.51000213623047,113.31845092773438,693800
2013-05-03,115.87000274658203,116.93000030517578,115.5199966430664,115.75,114.54553985595703,539100
2013-05-06,115.76000213623047,116.3499984741211,115.0,115.38999938964844,114.18927001953125,525700
2013-05-07,116.0999984741211,118.55000305175781,115.68000030517578,117.93000030517578,116.70285034179688,561600
2013-05-08,117.69000244140625,119.23999786376953,117.37999725341797,119.19999694824219,117.95964813232422,439800
2013-05-09,118.93000030517578,119.23999786376953,117.62999725341797,118.38999938964844,117.1580810546875,799100
2013-05-10,118.4800033569336,119.68000030517578,118.27999877929688,119.41999816894531,118.17733764648438,580300
2013-05-13,119.0,119.91000366210938,117.7300033569336,118.33999633789062,117.10858154296875,461900
2013-05-14,118.0999984741211,120.19999694824219,117.41000366210938,119.41000366210938,118.16746520996094,864400
2013-05-15,119.0,120.19000244140625,117.97000122070312,118.0199966430664,116.79190826416016,1001900
2013-05-16,117.98999786376953,119.1500015258789,117.44999694824219,118.04000091552734,116.81170654296875,773300
2013-05-17,118.19000244140625,120.37999725341797,117.91999816894531,120.27999877929688,119.02839660644531,673800
2013-05-20,119.94000244140625,120.58000183105469,119.19000244140625,119.30999755859375,118.10480499267578,503700
2013-05-21,119.83999633789062,120.41999816894531,119.26000213623047,119.48999786376953,118.28300476074219,434900
2013-05-22,119.5,120.2300033569336,116.69999694824219,116.9800033569336,115.79837036132812,424700
2013-05-23,114.91000366210938,118.33000183105469,114.76000213623047,116.91000366210938,115.72905731201172,874800
2013-05-24,115.88999938964844,116.26000213623047,115.20999908447266,115.73999786376953,114.57087707519531,490800
2013-05-28,117.38999938964844,118.51000213623047,115.66000366210938,116.16000366210938,114.98664855957031,622900
2013-05-29,115.5,116.11000061035156,114.38999938964844,115.2300033569336,114.06603240966797,376700
2013-05-30,115.29000091552734,116.48999786376953,114.88999938964844,115.9800033569336,114.80846405029297,369100
2013-05-31,116.0,117.44000244140625,115.19000244140625,115.19000244140625,114.02643585205078,437100
2013-06-03,115.30999755859375,115.30999755859375,112.48999786376953,114.06999969482422,112.917724609375,556400
2013-06-04,111.83999633789062,115.05999755859375,111.73999786376953,112.54000091552734,111.40322875976562,807600
2013-06-05,112.37999725341797,113.02999877929688,111.01000213623047,111.18000030517578,110.05696105957031,451400
2013-06-06,111.33000183105469,112.0,110.12000274658203,111.93000030517578,110.79936981201172,773900
2013-06-07,113.1500015258789,113.9000015258789,112.48999786376953,113.69999694824219,112.55149841308594,632100
2013-06-10,113.86000061035156,114.06999969482422,112.86000061035156,113.37999725341797,112.2347412109375,795500
2013-06-11,107.73999786376953,112.19999694824219,107.08999633789062,111.19999694824219,110.07675170898438,843300
2013-06-12,111.72000122070312,112.19999694824219,110.31999969482422,111.27999877929688,110.15592956542969,1373600
2013-06-13,121.4800033569336,123.19999694824219,120.25,122.5999984741211,121.36157989501953,3068600
2013-06-14,121.88999938964844,123.87000274658203,120.5,123.27999877929688,122.03472137451172,1463200
2013-06-17,123.70999908447266,126.19999694824219,123.55999755859375,125.19000244140625,123.92543029785156,1209900
2013-06-18,125.30999755859375,126.2699966430664,124.45999908447266,126.26000213623047,124.98462677001953,852500
2013-06-19,126.12999725341797,126.98999786376953,125.2300033569336,125.2300033569336,123.96502685546875,702600
2013-06-20,123.54000091552734,123.62999725341797,119.51000213623047,120.31999969482422,119.10462951660156,779100
2013-06-21,121.2300033569336,121.58000183105469,118.0999984741211,121.0,119.77774047851562,1683200
2013-06-24,121.0,122.55999755859375,118.5,121.12999725341797,119.90642547607422,1031900
2013-06-25,122.23999786376953,123.81999969482422,121.12000274658203,123.41999816894531,122.17332458496094,893900
2013-06-26,125.30999755859375,125.9000015258789,123.61000061035156,124.1500015258789,122.89593505859375,756300
2013-06-27,124.30000305175781,125.6500015258789,124.23999786376953,125.01000213623047,123.74725341796875,616100
2013-06-28,124.54000091552734,126.38999938964844,124.23999786376953,125.05000305175781,123.7868423461914,981600
2013-07-01,126.6500015258789,128.5800018310547,126.29000091552734,126.91000366210938,125.6280517578125,704100
2013-07-02,126.56999969482422,127.80999755859375,125.05000305175781,125.58000183105469,124.31148529052734,653700
2013-07-03,124.30999755859375,126.62999725341797,124.08999633789062,126.04000091552734,124.7668685913086,266300
2013-07-05,126.70999908447266,127.27999877929688,125.81999969482422,126.86000061035156,125.57856750488281,422400
2013-07-08,127.5,128.5,127.06999969482422,128.27999877929688,126.98419952392578,509900
2013-07-09,129.0,130.9499969482422,128.5500030517578,130.86000061035156,129.53814697265625,710700
2013-07-10,130.63999938964844,132.07000732421875,130.14999389648438,131.94000244140625,130.60723876953125,682400
2013-07-11,133.6199951171875,133.74000549316406,130.82000732421875,131.47999572753906,130.15191650390625,849400
2013-07-12,131.42999267578125,132.17999267578125,130.07000732421875,131.17999267578125,129.8549346923828,670600
2013-07-15,131.4199981689453,132.0399932861328,130.25999450683594,130.61000061035156,129.29067993164062,681000
2013-07-16,130.57000732421875,130.75,127.55000305175781,128.0399932861328,126.74662780761719,824200
2013-07-17,128.57000732421875,128.94000244140625,126.88999938964844,127.31999969482422,126.03388214111328,611200
2013-07-18,127.55000305175781,129.67999267578125,127.37000274658203,129.41000366210938,128.1028289794922,426300
2013-07-19,129.3800048828125,129.9199981689453,128.10000610351562,129.64999389648438,128.34036254882812,431900
2013-07-22,129.4600067138672,130.52999877929688,129.4600067138672,130.0,128.6868438720703,664700
2013-07-23,130.25,131.05999755859375,128.69000244140625,130.94000244140625,129.6173095703125,718200
2013-07-24,131.1699981689453,131.99000549316406,130.72000122070312,131.1999969482422,129.8746795654297,991800
2013-07-25,130.9199981689453,133.27000427246094,130.47999572753906,132.39999389648438,131.06259155273438,773100
2013-07-26,131.1699981689453,132.25999450683594,131.0,132.16000366210938,130.8250274658203,423100
2013-07-29,132.25,132.8699951171875,131.55999755859375,131.9600067138672,130.62701416015625,412000
2013-07-30,132.36000061035156,133.33999633789062,131.3800048828125,132.14999389648438,130.81512451171875,315400
2013-07-31,132.9199981689453,133.66000366210938,131.7100067138672,131.7899932861328,130.458740234375,459200
2013-08-01,133.50999450683594,134.75999450683594,133.17999267578125,134.38999938964844,133.03250122070312,530800
2013-08-02,134.10000610351562,134.97999572753906,132.30999755859375,133.60000610351562,132.2505340576172,479300
2013-08-05,133.2899932861328,134.57000732421875,131.9600067138672,133.72999572753906,132.379150390625,579000
2013-08-06,134.0500030517578,134.0500030517578,131.0,132.50999450683594,131.1714630126953,628000
2013-08-07,130.44000244140625,132.41000366210938,128.72000122070312,130.00999450683594,128.6967010498047,873200
2013-08-08,131.02000427246094,131.36000061035156,129.69000244140625,129.82000732421875,128.50869750976562,516000
2013-08-09,129.72000122070312,131.1300048828125,129.0500030517578,130.02999877929688,128.716552734375,316900
2013-08-12,130.0500030517578,133.60000610351562,129.55999755859375,132.6300048828125,131.29026794433594,486000
2013-08-13,132.41000366210938,133.36000061035156,131.2100067138672,131.92999267578125,130.59730529785156,549900
2013-08-14,131.7899932861328,132.58999633789062,128.5500030517578,128.5800018310547,127.28118896484375,809000
2013-08-15,127.58000183105469,128.55999755859375,125.94999694824219,126.81999969482422,125.5389633178711,589600
2013-08-16,126.30999755859375,128.00999450683594,126.19999694824219,127.05000305175781,125.76663970947266,527700
2013-08-19,126.61000061035156,128.08999633789062,125.70999908447266,125.81999969482422,124.54905700683594,444600
2013-08-20,125.91000366210938,130.25999450683594,125.62000274658203,129.38999938964844,128.08302307128906,566600
2013-08-21,129.02000427246094,131.19000244140625,128.8000030517578,130.25999450683594,128.94418334960938,749100
2013-08-22,130.52000427246094,131.0,129.7100067138672,130.8699951171875,129.54803466796875,508300
2013-08-23,130.88999938964844,131.0,129.1199951171875,130.47000122070312,129.15208435058594,534400
2013-08-26,130.2899932861328,130.72000122070312,129.08999633789062,129.32000732421875,128.050048828125,575200
2013-08-27,127.56999969482422,130.05999755859375,127.52999877929688,128.00999450683594,126.75287628173828,613900
2013-08-28,127.81999969482422,128.57000732421875,126.62999725341797,127.41000366210938,126.1587905883789,358900
2013-08-29,127.16999816894531,129.4499969482422,127.11000061035156,128.92999267578125,127.66382598876953,338700
2013-08-30,129.00999450683594,129.44000244140625,127.95999908447266,128.75,127.48560333251953,375900
2013-09-03,130.41000366210938,130.91000366210938,128.60000610351562,129.33999633789062,128.06982421875,309600
2013-09-04,129.27000427246094,131.10000610351562,129.16000366210938,130.50999450683594,129.22833251953125,651400
2013-09-05,130.75999450683594,131.0,128.9600067138672,129.3000030517578,128.03021240234375,791600
2013-09-06,129.89999389648438,130.9499969482422,127.62999725341797,129.97000122070312,128.69366455078125,851200
2013-09-09,130.3000030517578,132.2899932861328,129.27999877929688,132.11000061035156,130.8126220703125,1211200
2013-09-10,127.04000091552734,128.0,122.7699966430664,124.66000366210938,123.43577575683594,4137000
2013-09-11,124.44000244140625,124.73999786376953,121.1500015258789,122.80000305175781,121.59405517578125,1906000
2013-09-12,122.51000213623047,123.83000183105469,121.06999969482422,123.76000213623047,122.54463195800781,1163300
2013-09-13,124.3499984741211,124.94000244140625,123.76000213623047,124.44999694824219,123.22786712646484,682600
2013-09-16,125.52999877929688,125.91999816894531,123.51000213623047,123.73999786376953,122.5248031616211,771200
2013-09-17,123.91999816894531,124.56999969482422,122.43000030517578,122.70999908447266,121.50494384765625,978700
2013-09-18,122.93000030517578,126.7300033569336,122.7699966430664,126.44000244140625,125.19831848144531,810500
2013-09-19,126.52999877929688,128.00999450683594,126.38999938964844,127.0,125.75279235839844,719500
2013-09-20,127.0,127.02999877929688,125.02999877929688,125.08999633789062,123.86153411865234,817000
2013-09-23,123.98999786376953,124.36000061035156,121.33000183105469,122.56999969482422,121.36629486083984,1135200
2013-09-24,122.25,124.05999755859375,121.41000366210938,123.0999984741211,121.89109802246094,1423200
2013-09-25,122.87999725341797,123.2300033569336,119.41999816894531,119.75,118.57402038574219,1386300
2013-09-26,120.18000030517578,121.33000183105469,119.37000274658203,119.80999755859375,118.6334228515625,889900
2013-09-27,119.55999755859375,119.55999755859375,116.91000366210938,118.51000213623047,117.34619140625,1489100
2013-09-30,117.44000244140625,119.2699966430664,116.63999938964844,118.69000244140625,117.5244140625,1076600
2013-10-01,118.36000061035156,118.86000061035156,115.12000274658203,115.20999908447266,114.07859802246094,1702000
2013-10-02,115.16999816894531,117.62999725341797,114.5199966430664,117.55000305175781,116.39559173583984,1436900
2013-10-03,121.19000244140625,125.79000091552734,120.20999908447266,122.69000244140625,121.48513793945312,3002900
2013-10-04,122.69000244140625,124.26000213623047,121.33000183105469,123.94999694824219,122.7327651977539,1469400
2013-10-07,123.05999755859375,123.1500015258789,121.5199966430664,121.7300033569336,120.5345687866211,893600
2013-10-08,121.58000183105469,121.8499984741211,117.5999984741211,117.69000244140625,116.53424072265625,1265000
2013-10-09,117.69999694824219,118.52999877929688,115.62999725341797,117.97000122070312,116.81147766113281,969300
2013-10-10,119.37999725341797,120.05000305175781,118.7699966430664,119.87999725341797,118.70272827148438,653900
2013-10-11,119.58999633789062,119.98999786376953,118.20999908447266,118.91999816894531,117.75215911865234,517500
2013-10-14,118.73999786376953,119.2300033569336,117.58000183105469,119.04000091552734,117.8709945678711,418800
2013-10-15,118.91000366210938,119.41000366210938,117.44000244140625,119.12999725341797,117.96011352539062,866900
2013-10-16,119.52999877929688,122.3499984741211,119.33000183105469,120.83999633789062,119.6532974243164,1005900
2013-10-17,120.11000061035156,121.19999694824219,119.9000015258789,120.19999694824219,119.01959228515625,480400
2013-10-18,121.05000305175781,122.55000305175781,120.66000366210938,122.41999816894531,121.21778106689453,813700
2013-10-21,122.66999816894531,123.19000244140625,121.97000122070312,123.1500015258789,121.94060516357422,1001000
2013-10-22,123.08999633789062,124.62000274658203,122.51000213623047,122.94999694824219,121.74259185791016,969400
2013-10-23,122.51000213623047,122.97000122070312,121.0199966430664,121.36000061035156,120.168212890625,814700
2013-10-24,121.36000061035156,122.38999938964844,118.9000015258789,119.05000305175781,117.88088989257812,1279000
2013-10-25,119.52999877929688,119.87000274658203,118.38999938964844,118.55000305175781,117.38581848144531,865000
2013-10-28,118.55000305175781,121.72000122070312,118.31999969482422,120.88999938964844,119.70280456542969,822400
2013-10-29,121.41000366210938,123.33999633789062,120.80000305175781,123.2300033569336,122.01984405517578,852200
2013-10-30,123.66000366210938,127.16000366210938,123.4000015258789,124.75,123.52490234375,1116600
2013-10-31,124.4000015258789,125.37000274658203,123.5199966430664,124.56999969482422,123.3466567993164,638700
2013-11-01,124.83999633789062,125.70999908447266,124.02999877929688,124.52999877929688,123.30706024169922,511100
2013-11-04,125.2300033569336,126.06999969482422,124.95999908447266,125.68000030517578,124.44577026367188,398300
2013-11-05,125.54000091552734,125.63999938964844,124.68000030517578,124.83999633789062,123.61402893066406,492700
2013-11-06,125.94000244140625,126.54000091552734,124.9000015258789,126.06999969482422,124.83196258544922,607000
2013-11-07,126.94999694824219,127.29000091552734,124.44999694824219,124.63999938964844,123.41597747802734,492000
2013-11-08,124.45999908447266,125.6500015258789,124.41000366210938,125.56999969482422,124.33683776855469,373600
2013-11-11,125.91999816894531,127.11000061035156,125.5,126.80999755859375,125.56468200683594,380600
2013-11-12,126.98999786376953,127.44999694824219,125.76000213623047,127.19000244140625,125.94095611572266,465800
2013-11-13,128.32000732421875,133.58999633789062,127.48999786376953,132.89999389648438,131.59486389160156,1470900
2013-11-14,132.74000549316406,133.8300018310547,131.47000122070312,133.42999267578125,132.11962890625,668700
2013-11-15,133.5,133.77999877929688,131.94000244140625,133.0500030517578,131.743408203125,488400
2013-11-18,133.57000732421875,134.14999389648438,131.47000122070312,132.02999877929688,130.76980590820312,583500
2013-11-19,131.6999969482422,133.05999755859375,131.25,131.7100067138672,130.4528350830078,320400
2013-11-20,132.85000610351562,132.85000610351562,130.10000610351562,130.7100067138672,129.46240234375,512200
2013-11-21,131.32000732421875,131.61000061035156,130.82000732421875,131.27000427246094,130.01702880859375,393100
2013-11-22,131.6300048828125,132.99000549316406,131.1699981689453,132.00999450683594,130.7499542236328,695800
2013-11-25,132.52999877929688,133.74000549316406,131.9499969482422,132.8000030517578,131.532470703125,718300
2013-11-26,133.1999969482422,135.25999450683594,133.0,134.49000549316406,133.206298828125,693600
2013-11-27,134.3800048828125,135.42999267578125,133.5800018310547,134.83999633789062,133.5529327392578,326900
2013-11-29,134.7100067138672,135.19000244140625,133.14999389648438,133.9199981689453,132.64175415039062,243600
2013-12-02,133.6699981689453,133.75999450683594,131.25999450683594,132.0,130.7400360107422,699100
2013-12-03,131.52999877929688,133.35000610351562,131.1999969482422,131.9199981689453,130.6608428955078,577600
2013-12-04,132.0,132.86000061035156,130.47000122070312,132.11000061035156,130.84901428222656,611300
2013-12-05,129.77999877929688,131.58999633789062,129.77999877929688,130.75999450683594,129.51193237304688,589000
2013-12-06,132.57000732421875,132.72000122070312,129.42999267578125,130.11000061035156,128.8681182861328,1072900
2013-12-09,130.2100067138672,130.6999969482422,127.27999877929688,127.43000030517578,126.21370697021484,1862300
2013-12-10,125.72000122070312,134.3300018310547,125.72000122070312,131.8699951171875,130.611328125,2673500
2013-12-11,132.14999389648438,133.91000366210938,130.41000366210938,130.69000244140625,129.4425506591797,1240300
2013-12-12,130.0,130.16000366210938,127.93000030517578,128.0,126.77825164794922,1243000
2013-12-13,128.38999938964844,129.1699981689453,126.97000122070312,129.05999755859375,127.82811737060547,743000
2013-12-16,130.66000366210938,131.4199981689453,129.82000732421875,130.47999572753906,129.23458862304688,1247800
2013-12-17,130.8000030517578,132.30999755859375,130.38999938964844,131.41000366210938,130.1556854248047,1006000
2013-12-18,131.07000732421875,132.74000549316406,130.0,132.6300048828125,131.36404418945312,832800
2013-12-19,132.52999877929688,134.64999389648438,130.89999389648438,130.97999572753906,129.7297821044922,1070500
2013-12-20,131.6699981689453,131.7899932861328,130.75,130.8800048828125,129.63079833984375,1031500
2013-12-23,132.0,134.72000122070312,132.0,134.38999938964844,133.10723876953125,810200
2013-12-24,134.4499969482422,134.9499969482422,133.5,134.44000244140625,133.15676879882812,209500
2013-12-26,134.4199981689453,136.32000732421875,134.02000427246094,134.97000122070312,133.68173217773438,352300
2013-12-27,134.7899932861328,135.52999877929688,134.05999755859375,134.5,133.21621704101562,321000
2013-12-30,134.3800048828125,135.08999633789062,133.5399932861328,134.69000244140625,133.40438842773438,349500
2013-12-31,134.72999572753906,136.30999755859375,134.44000244140625,136.02000427246094,134.72169494628906,437600
2014-01-02,135.75999450683594,137.66000366210938,135.49000549316406,136.5800018310547,135.27633666992188,817700
2014-01-03,136.58999633789062,138.94000244140625,136.4499969482422,137.6199951171875,136.306396484375,616100
2014-01-06,137.60000610351562,137.99000549316406,135.1699981689453,135.35000610351562,134.05810546875,834600
2014-01-07,136.1199951171875,136.4499969482422,134.36000061035156,135.07000732421875,133.78079223632812,378400
2014-01-08,135.2899932861328,135.57000732421875,131.77000427246094,132.3000030517578,131.03720092773438,956900
2014-01-09,133.0500030517578,133.60000610351562,131.6699981689453,133.02000427246094,131.75033569335938,883800
2014-01-10,133.0,133.47000122070312,130.97999572753906,132.1300048828125,130.8688507080078,1038600
2014-01-13,132.0,132.6999969482422,129.41000366210938,129.5500030517578,128.31344604492188,1100200
2014-01-14,129.61000061035156,130.22000122070312,126.1500015258789,126.5,125.29259490966797,1714800
2014-01-15,125.98999786376953,127.13999938964844,125.2699966430664,126.87999725341797,125.66893768310547,1262700
2014-01-16,126.18000030517578,126.30000305175781,124.04000091552734,125.13999938964844,123.94554901123047,1058600
2014-01-17,125.56999969482422,126.13999938964844,123.61000061035156,123.80000305175781,122.61833190917969,784300
2014-01-21,123.87999725341797,124.54000091552734,122.08000183105469,122.19999694824219,121.0335922241211,867600
2014-01-22,122.04000091552734,123.44999694824219,121.26000213623047,122.91000366210938,121.73683166503906,683700
2014-01-23,122.1500015258789,122.54000091552734,120.25,121.38999938964844,120.23133850097656,1043900
2014-01-24,120.58999633789062,122.19000244140625,120.55000305175781,120.80999755859375,119.65687561035156,961200
2014-01-27,120.91000366210938,122.2300033569336,120.7300033569336,121.16000366210938,120.00353240966797,980700
2014-01-28,121.0199966430664,123.0,120.80000305175781,122.2300033569336,121.06332397460938,749200
2014-01-29,121.06999969482422,122.27999877929688,119.80999755859375,120.5,119.3498306274414,1404900
2014-01-30,121.73999786376953,122.38999938964844,121.25,121.44999694824219,120.29075622558594,929300
2014-01-31,119.80999755859375,121.2300033569336,119.69999694824219,120.87000274658203,119.71630859375,773300
2014-02-03,120.63999938964844,120.6500015258789,115.62999725341797,116.58999633789062,115.47713470458984,1534600
2014-02-04,117.08000183105469,119.02999877929688,116.44999694824219,116.72000122070312,115.60590362548828,826500
2014-02-05,116.72000122070312,117.58999633789062,114.79000091552734,117.1500015258789,116.03179931640625,1236800
2014-02-06,117.33999633789062,121.4800033569336,117.04000091552734,120.69999694824219,119.54793548583984,1051200
2014-02-07,121.58000183105469,123.7699966430664,121.41000366210938,121.86000061035156,120.69686126708984,900900
2014-02-10,121.62999725341797,122.06999969482422,119.08999633789062,120.77999877929688,119.62716674804688,878300
2014-02-11,120.80000305175781,121.19000244140625,119.05999755859375,120.31999969482422,119.17156219482422,1468000
2014-02-12,120.80999755859375,121.58000183105469,117.19999694824219,117.54000091552734,116.41807556152344,1415700
2014-02-13,117.4000015258789,120.1500015258789,116.9000015258789,119.45999908447266,118.31978607177734,982500
2014-02-14,119.0,119.43000030517578,117.87000274658203,118.25,117.12129211425781,936300
2014-02-18,118.5,119.33000183105469,116.98999786376953,117.58000183105469,116.45771026611328,1105000
2014-02-19,117.56999969482422,118.83999633789062,117.20999908447266,118.19999694824219,117.07177734375,842200
2014-02-20,118.06999969482422,118.83000183105469,117.16000366210938,118.08999633789062,116.96282196044922,862600
2014-02-21,118.08999633789062,122.62999725341797,118.08999633789062,121.23999786376953,120.08277893066406,1928800
2014-02-24,122.0,124.20999908447266,121.04000091552734,123.18000030517578,122.0425033569336,1331600
2014-02-25,122.98999786376953,127.05000305175781,122.9800033569336,125.5199966430664,124.36087799072266,2018300
2014-02-26,126.29000091552734,126.79000091552734,125.11000061035156,125.75,124.58877563476562,1084600
2014-02-27,125.68000030517578,126.56999969482422,125.27999877929688,126.20999908447266,125.04452514648438,793300
2014-02-28,125.98999786376953,126.76000213623047,125.41000366210938,126.43000030517578,125.26248931884766,676800
2014-03-03,125.22000122070312,126.11000061035156,124.51000213623047,125.0,123.84566497802734,710500
2014-03-04,126.25,127.05000305175781,126.05000305175781,126.33999633789062,125.17332458496094,593100
2014-03-05,126.36000061035156,126.72000122070312,124.98999786376953,125.66999816894531,124.50950622558594,559600
2014-03-06,125.7300033569336,126.36000061035156,125.13999938964844,125.8499984741211,124.68783569335938,502200
2014-03-07,126.11000061035156,127.25,125.66000366210938,126.30000305175781,125.13367462158203,883200
2014-03-10,126.30000305175781,126.72000122070312,124.16000366210938,124.70999908447266,123.55836486816406,732300
2014-03-11,125.0,125.19999694824219,122.43000030517578,122.73999786376953,121.60655975341797,1021600
2014-03-12,122.48999786376953,123.20999908447266,121.41999816894531,122.04000091552734,120.91303253173828,997000
2014-03-13,118.94999694824219,119.97000122070312,115.0199966430664,115.04000091552734,113.97769927978516,3604700
2014-03-14,114.62999725341797,116.75,114.0999984741211,115.04000091552734,113.97769927978516,1741300
2014-03-17,115.66000366210938,116.52999877929688,114.56999969482422,116.33000183105469,115.25575256347656,2076000
2014-03-18,118.29000091552734,120.44000244140625,117.76000213623047,119.05999755859375,117.96053314208984,1094100
2014-03-19,119.2699966430664,119.7300033569336,117.58999633789062,118.44999694824219,117.35616302490234,820200
2014-03-20,117.94000244140625,119.45999908447266,117.7300033569336,119.12000274658203,118.01998138427734,718600
2014-03-21,120.06999969482422,120.5,118.5199966430664,119.87999725341797,118.7729721069336,1416600
2014-03-24,114.2300033569336,120.45999908447266,114.2300033569336,119.29000091552734,118.18841552734375,1150300
2014-03-25,119.29000091552734,119.7699966430664,116.43000030517578,117.25,116.16725158691406,2330500
2014-03-26,125.05999755859375,125.88999938964844,120.7300033569336,121.43000030517578,120.30867004394531,4693100
2014-03-27,122.58999633789062,125.25,121.88999938964844,123.08000183105469,121.94342803955078,2847900
2014-03-28,124.0999984741211,124.12999725341797,122.77999877929688,123.80999755859375,122.66668701171875,1151600
2014-03-31,123.87000274658203,125.23999786376953,123.18000030517578,124.7699966430664,123.6177978515625,1794100
2014-04-01,126.16999816894531,127.16999816894531,125.38999938964844,125.91999816894531,124.75718688964844,1264400
2014-04-02,125.81999969482422,126.70999908447266,125.0999984741211,125.7300033569336,124.56896209716797,931900
2014-04-03,126.45999908447266,126.8499984741211,124.12000274658203,124.52999877929688,123.38002014160156,1191400
2014-04-04,126.01000213623047,126.47000122070312,123.80999755859375,124.97000122070312,123.81594848632812,1925700
2014-04-07,124.47000122070312,125.0199966430664,122.33000183105469,122.56999969482422,121.43811798095703,1289000
2014-04-08,122.5,123.69000244140625,122.22000122070312,123.48999786376953,122.34962463378906,1336000
2014-04-09,123.52999877929688,125.44999694824219,123.5199966430664,125.18000030517578,124.02403259277344,1283000
2014-04-10,125.5,126.26000213623047,123.37999725341797,123.69000244140625,122.54780578613281,1267900
2014-04-11,122.69000244140625,123.58000183105469,121.63999938964844,121.70999908447266,120.5860824584961,1761400
2014-04-14,122.27999877929688,123.25,121.33999633789062,122.33999633789062,121.21025848388672,639400
2014-04-15,122.5,123.45999908447266,120.98999786376953,121.94999694824219,120.82384490966797,729000
2014-04-16,122.93000030517578,124.05999755859375,122.30000305175781,124.05000305175781,122.90447998046875,871300
2014-04-17,123.87999725341797,124.6500015258789,122.54000091552734,122.58999633789062,121.45793151855469,616600
2014-04-21,122.75,122.87000274658203,121.16000366210938,121.38999938964844,120.26902770996094,638400
2014-04-22,121.72000122070312,122.30000305175781,120.48999786376953,121.4800033569336,120.35820007324219,603500
2014-04-23,121.58999633789062,122.66999816894531,121.01000213623047,121.05000305175781,119.93217468261719,559300
2014-04-24,121.7699966430664,121.94000244140625,120.05000305175781,120.94999694824219,119.83308410644531,762400
2014-04-25,121.45999908447266,122.86000061035156,121.19000244140625,122.23999786376953,121.11119842529297,901100
2014-04-28,122.91000366210938,125.37999725341797,122.37000274658203,124.26000213623047,123.11253356933594,1166500
2014-04-29,124.23999786376953,125.54000091552734,123.4800033569336,125.43000030517578,124.271728515625,819600
2014-04-30,125.44999694824219,125.86000061035156,123.77999877929688,125.56999969482422,124.4104232788086,753900
2014-05-01,125.47000122070312,127.04000091552734,125.08000183105469,126.5999984741211,125.43091583251953,739600
2014-05-02,126.88999938964844,128.6999969482422,126.30000305175781,128.22000122070312,127.03594207763672,1092900
2014-05-05,127.43000030517578,128.25,125.83999633789062,128.16000366210938,126.97650146484375,707000
2014-05-06,127.69000244140625,128.22000122070312,126.5999984741211,126.66000366210938,125.4903793334961,918700
2014-05-07,127.08000183105469,127.5,124.94999694824219,127.37999725341797,126.20370483398438,781700
2014-05-08,127.58000183105469,130.66000366210938,126.83000183105469,129.50999450683594,128.31405639648438,1919500
2014-05-09,127.68000030517578,130.4499969482422,127.37000274658203,130.25,129.0472412109375,776500
2014-05-12,130.9499969482422,133.1199951171875,130.35000610351562,132.8800048828125,131.65292358398438,809000
2014-05-13,132.97000122070312,133.88999938964844,132.0500030517578,132.63999938964844,131.41517639160156,604400
2014-05-14,132.25,132.97000122070312,131.42999267578125,131.88999938964844,130.67205810546875,770300
2014-05-15,131.64999389648438,131.6999969482422,129.72000122070312,130.60000610351562,129.3939971923828,767900
2014-05-16,130.97000122070312,133.1199951171875,130.55999755859375,133.0500030517578,131.82135009765625,917600
2014-05-19,132.74000549316406,133.72000122070312,132.1999969482422,133.66000366210938,132.42572021484375,697500
2014-05-20,133.0,133.35000610351562,130.25,130.50999450683594,129.3048095703125,681400
2014-05-21,131.05999755859375,131.5500030517578,129.9199981689453,131.42999267578125,130.2542266845703,528500
2014-05-22,130.86000061035156,132.1999969482422,130.14999389648438,131.1699981689453,129.9965057373047,542100
2014-05-23,131.50999450683594,131.64999389648438,130.7100067138672,131.47999572753906,130.3037567138672,453000
2014-05-27,132.07000732421875,132.9499969482422,131.6699981689453,132.85000610351562,131.66152954101562,692500
2014-05-28,132.75,132.75,130.1199951171875,130.9499969482422,129.77853393554688,949800
2014-05-29,131.0,132.05999755859375,130.72000122070312,132.02999877929688,130.848876953125,553200
2014-05-30,132.0399932861328,132.52999877929688,131.16000366210938,131.6300048828125,130.4524383544922,579400
2014-06-02,131.75,131.91000366210938,130.64999389648438,131.33999633789062,130.16506958007812,871900
2014-06-03,131.0800018310547,132.33999633789062,130.02000427246094,130.3300018310547,129.16409301757812,1116700
2014-06-04,129.85000610351562,130.94000244140625,127.87999725341797,130.67999267578125,129.51095581054688,2128600
2014-06-05,121.83999633789062,123.38999938964844,119.56999969482422,120.08999633789062,119.01567840576172,5432000
2014-06-06,120.0999984741211,120.62000274658203,119.11000061035156,119.68000030517578,118.60934448242188,1741000
2014-06-09,119.68000030517578,122.37999725341797,119.55999755859375,121.56999969482422,120.48242950439453,1850900
2014-06-10,121.05000305175781,121.51000213623047,119.93000030517578,120.06999969482422,118.9958724975586,1102400
2014-06-11,120.25,120.48999786376953,118.37999725341797,118.55000305175781,117.48947143554688,1126800
2014-06-12,118.41000366210938,118.77999877929688,116.58000183105469,117.12000274658203,116.072265625,1210300
2014-06-13,117.0199966430664,117.4800033569336,115.93000030517578,116.5,115.45780944824219,1386500
2014-06-16,116.08999633789062,117.0,115.9000015258789,116.5999984741211,115.55689239501953,855300
2014-06-17,116.2699966430664,116.8499984741211,116.01000213623047,116.63999938964844,115.59654235839844,846400
2014-06-18,116.80999755859375,117.55999755859375,115.9000015258789,117.02999877929688,115.9830551147461,829500
2014-06-19,117.0,117.30000305175781,115.83999633789062,116.16999816894531,115.13075256347656,755800
2014-06-20,116.2300033569336,116.70999908447266,114.80999755859375,115.19000244140625,114.15953063964844,1085100
2014-06-23,114.9800033569336,115.3499984741211,114.25,114.69999694824219,113.67389678955078,878100
2014-06-24,114.62000274658203,115.66000366210938,113.98999786376953,114.04000091552734,113.01982116699219,1445700
2014-06-25,114.56999969482422,116.3499984741211,114.12000274658203,116.22000122070312,115.18030548095703,673800
2014-06-26,116.0199966430664,117.54000091552734,115.61000061035156,116.55000305175781,115.50736999511719,1413400
2014-06-27,116.63999938964844,118.20999908447266,116.58999633789062,117.5,116.4488525390625,696800
2014-06-30,117.2300033569336,117.55999755859375,115.70999908447266,116.5999984741211,115.55689239501953,1555400
2014-07-01,117.25,118.08000183105469,116.91999816894531,117.70999908447266,116.656982421875,637800
2014-07-02,117.18000030517578,118.5,117.0199966430664,117.87999725341797,116.82545471191406,609200
2014-07-03,118.30999755859375,119.6500015258789,118.13999938964844,119.5999984741211,118.53006744384766,790900
2014-07-07,119.37999725341797,119.62000274658203,117.7300033569336,117.98999786376953,116.93447875976562,737200
2014-07-08,117.80999755859375,117.91000366210938,116.43000030517578,116.69000244140625,115.64608764648438,661200
2014-07-09,117.29000091552734,117.58000183105469,116.5999984741211,117.11000061035156,116.06237030029297,1043600
2014-07-10,116.2699966430664,116.54000091552734,114.8499984741211,114.9000015258789,113.87213134765625,827400
2014-07-11,114.98999786376953,115.01000213623047,111.95999908447266,112.16999816894531,111.1665267944336,1811100
2014-07-14,112.7300033569336,114.08999633789062,112.30000305175781,112.66000366210938,111.65216827392578,957700
2014-07-15,111.97000122070312,112.94000244140625,111.20999908447266,111.72000122070312,110.72056579589844,895900
2014-07-16,112.02999877929688,112.5199966430664,110.16999816894531,110.31999969482422,109.33308410644531,1084100
2014-07-17,109.95999908447266,111.5,109.5,110.45999908447266,109.47183227539062,994200
2014-07-18,110.68000030517578,111.13999938964844,110.19000244140625,110.8499984741211,109.85833740234375,631900
2014-07-21,110.5,111.08999633789062,110.11000061035156,110.16999816894531,109.18441772460938,532000
2014-07-22,110.44000244140625,111.18000030517578,110.19000244140625,110.80000305175781,109.80879974365234,499500
2014-07-23,110.87999725341797,112.02999877929688,110.33000183105469,111.81999969482422,110.81966400146484,544200
2014-07-24,112.31999969482422,114.33999633789062,112.16999816894531,114.06999969482422,113.04953002929688,927600
2014-07-25,113.62000274658203,114.48999786376953,113.1500015258789,113.3499984741211,112.33596801757812,569900
2014-07-28,112.95999908447266,114.5999984741211,112.95999908447266,113.83000183105469,112.8116683959961,798300
2014-07-29,113.75,114.12999725341797,112.27999877929688,112.30000305175781,111.29539489746094,603600
2014-07-30,112.94000244140625,113.31999969482422,112.05000305175781,113.19000244140625,112.17741394042969,752100
2014-07-31,112.33999633789062,112.6500015258789,110.0999984741211,110.18000030517578,109.1943359375,722200
2014-08-01,110.12999725341797,110.94000244140625,107.5,107.98999786376953,107.02391815185547,1462900
2014-08-04,108.0,108.47000122070312,107.3499984741211,107.87000274658203,106.9050064086914,989800
2014-08-05,107.55000305175781,110.0999984741211,107.05000305175781,109.27999877929688,108.30240631103516,769500
2014-08-06,108.19000244140625,110.61000061035156,108.19000244140625,110.47000122070312,109.48175048828125,936300
2014-08-07,111.29000091552734,111.29000091552734,109.41000366210938,109.54000091552734,108.5600814819336,634800
2014-08-08,109.7699966430664,114.54000091552734,109.5,114.43000030517578,113.40631866455078,1342300
2014-08-11,114.88999938964844,116.26000213623047,114.63999938964844,115.1500015258789,114.11988067626953,1510800
2014-08-12,115.11000061035156,116.69999694824219,114.16999816894531,114.2699966430664,113.24774169921875,833500
2014-08-13,113.75,113.75,111.51000213623047,112.19000244140625,111.18637084960938,1243100
2014-08-14,112.0999984741211,113.06999969482422,112.01000213623047,112.66000366210938,111.65216827392578,730200
2014-08-15,112.9000015258789,112.95999908447266,110.0,110.5,109.5114974975586,855200
2014-08-18,111.2699966430664,112.83999633789062,111.2300033569336,112.54000091552734,111.533203125,841100
2014-08-19,112.51000213623047,114.45999908447266,112.51000213623047,113.6500015258789,112.63330841064453,1186700
2014-08-20,113.4800033569336,115.86000061035156,113.26000213623047,115.7699966430664,114.73433685302734,976000
2014-08-21,115.7699966430664,116.0,113.97000122070312,114.04000091552734,113.01982116699219,697500
2014-08-22,114.16000366210938,117.72000122070312,114.16000366210938,117.58000183105469,116.52814483642578,1255800
2014-08-25,118.0,118.36000061035156,117.04000091552734,118.0199966430664,116.96421813964844,756500
2014-08-26,117.80000305175781,119.29000091552734,117.55000305175781,118.41999816894531,117.39842987060547,1234900
2014-08-27,117.95999908447266,118.29000091552734,116.87999725341797,118.26000213623047,117.23981475830078,915600
2014-08-28,117.5,117.5199966430664,116.2699966430664,117.45999908447266,116.44669342041016,760900
2014-08-29,117.75,118.0,116.11000061035156,116.73999786376953,115.7329330444336,416500
2014-09-02,116.97000122070312,117.55000305175781,115.06999969482422,116.33000183105469,115.32647705078125,957200
2014-09-03,116.93000030517578,117.30000305175781,116.02999877929688,117.12999725341797,116.11956787109375,1443200
2014-09-04,126.54000091552734,130.0,126.48999786376953,128.3800048828125,127.27251434326172,4050000
2014-09-05,126.8499984741211,129.3699951171875,126.2300033569336,128.05999755859375,126.95526123046875,1736500
2014-09-08,128.0,128.82000732421875,127.04000091552734,127.7699966430664,126.66775512695312,775400
2014-09-09,127.66000366210938,127.94000244140625,125.86000061035156,126.87000274658203,125.77554321289062,979700
2014-09-10,126.16999816894531,126.8499984741211,125.0999984741211,126.55000305175781,125.45829772949219,898700
2014-09-11,126.37999725341797,126.98999786376953,125.44000244140625,125.8499984741211,124.76432800292969,540600
2014-09-12,126.30000305175781,127.0,125.37999725341797,126.7699966430664,125.67640686035156,883900
2014-09-15,126.44000244140625,127.0,125.0999984741211,125.9800033569336,124.89323425292969,603700
2014-09-16,125.51000213623047,126.87000274658203,124.2300033569336,126.43000030517578,125.33930969238281,530700
2014-09-17,127.0,127.7699966430664,126.1500015258789,126.81999969482422,125.7259750366211,484500
2014-09-18,127.0999984741211,127.37000274658203,126.22000122070312,127.16000366210938,126.06305694580078,511800
2014-09-19,127.88999938964844,127.98999786376953,125.61000061035156,125.9800033569336,124.89323425292969,568900
2014-09-22,125.16999816894531,125.4800033569336,122.87000274658203,123.91999816894531,122.8509750366211,568300
2014-09-23,123.73999786376953,124.69000244140625,122.76000213623047,122.80999755859375,121.75055694580078,427400
2014-09-24,122.77999877929688,123.76000213623047,121.80999755859375,123.69999694824219,122.63287353515625,710200
2014-09-25,123.16999816894531,123.69999694824219,121.91999816894531,122.3499984741211,121.29451751708984,706600
2014-09-26,123.19000244140625,123.94999694824219,122.2300033569336,122.9800033569336,121.91910552978516,503000
2014-09-29,121.87000274658203,123.16000366210938,121.77999877929688,122.27999877929688,121.22513580322266,523200
2014-09-30,122.25,122.79000091552734,120.3499984741211,121.1500015258789,120.10487365722656,681300
2014-10-01,121.22000122070312,121.55000305175781,119.43000030517578,120.23999786376953,119.20272064208984,625200
2014-10-02,120.19999694824219,122.19000244140625,119.4000015258789,121.93000030517578,120.87812805175781,575400
2014-10-03,122.55999755859375,123.55999755859375,121.33000183105469,121.5,120.45185852050781,780900
2014-10-06,121.62999725341797,122.13999938964844,120.04000091552734,120.12000274658203,119.08378601074219,488400
2014-10-07,119.79000091552734,120.87000274658203,118.95999908447266,120.16999816894531,119.13331604003906,883800
2014-10-08,120.38999938964844,121.45999908447266,118.44999694824219,120.0999984741211,119.0639419555664,1479600
2014-10-09,120.16999816894531,120.83999633789062,115.33999633789062,115.45999908447266,114.46397399902344,1095500
2014-10-10,115.45999908447266,116.0999984741211,113.26000213623047,115.83000183105469,114.83077239990234,1190200
2014-10-13,115.48999786376953,116.05000305175781,113.54000091552734,113.72000122070312,112.73898315429688,1032500
2014-10-14,114.0,114.91000366210938,112.20999908447266,112.48999786376953,111.51957702636719,909700
2014-10-15,111.08000183105469,113.11000061035156,109.44000244140625,112.81999969482422,111.84673309326172,1145100
2014-10-16,110.97000122070312,113.87000274658203,109.66000366210938,111.98999786376953,111.02389526367188,1236500
2014-10-17,112.44000244140625,112.4800033569336,110.31999969482422,110.75,109.79460144042969,1150000
2014-10-20,110.19000244140625,111.80000305175781,109.29000091552734,111.62999725341797,110.6670150756836,832900
2014-10-21,112.19000244140625,115.97000122070312,112.16999816894531,115.56999969482422,114.57302856445312,828000
2014-10-22,115.44999694824219,116.94000244140625,114.45999908447266,114.5,113.51224517822266,636700
2014-10-23,115.75,115.94000244140625,113.72000122070312,113.98999786376953,113.00665283203125,810300
2014-10-24,114.0,117.70999908447266,113.44000244140625,117.0,115.99067687988281,1652200
2014-10-27,116.7699966430664,116.9800033569336,114.87000274658203,116.05000305175781,115.04888916015625,476400
2014-10-28,115.5199966430664,115.7300033569336,114.1500015258789,115.37999725341797,114.38462829589844,582500
2014-10-29,114.88999938964844,116.70999908447266,113.61000061035156,114.22000122070312,113.23468017578125,843000
2014-10-30,113.83999633789062,115.6500015258789,113.6500015258789,114.75,113.76008605957031,630100
2014-10-31,116.06999969482422,116.08999633789062,113.56999969482422,114.3499984741211,113.36355590820312,689000
2014-11-03,114.73999786376953,115.83999633789062,114.13999938964844,114.87000274658203,113.87905883789062,764900
2014-11-04,114.19000244140625,114.33999633789062,112.54000091552734,112.62999725341797,111.65837097167969,612500
2014-11-05,113.0199966430664,113.98999786376953,112.0999984741211,113.3499984741211,112.37215423583984,576900
2014-11-06,113.61000061035156,117.63999938964844,113.16000366210938,117.41000366210938,116.39713287353516,707100
2014-11-07,117.2300033569336,118.41999816894531,116.5,118.19000244140625,117.17041778564453,673000
2014-11-10,117.68000030517578,118.0,115.79000091552734,116.08000183105469,115.07862854003906,851500
2014-11-11,116.33999633789062,116.93000030517578,115.66000366210938,116.77999877929688,115.7725830078125,671000
2014-11-12,116.87999725341797,119.79000091552734,116.62999725341797,119.08000183105469,118.05274200439453,1129200
2014-11-13,117.9000015258789,118.94000244140625,117.27999877929688,118.80000305175781,117.775146484375,629500
2014-11-14,119.18000030517578,120.04000091552734,118.66999816894531,119.05000305175781,118.02298736572266,833500
2014-11-17,119.33999633789062,121.87999725341797,118.73999786376953,121.1500015258789,120.10487365722656,908800
2014-11-18,121.56999969482422,122.3499984741211,120.36000061035156,121.79000091552734,120.77721405029297,730500
2014-11-19,121.86000061035156,123.80999755859375,121.6500015258789,123.06999969482422,122.04658508300781,731800
2014-11-20,122.83000183105469,124.66000366210938,121.9000015258789,123.0,121.97718048095703,1082600
2014-11-21,123.91000366210938,124.58999633789062,121.80999755859375,122.44999694824219,121.4317398071289,1025900
2014-11-24,123.0999984741211,124.36000061035156,122.76000213623047,123.7699966430664,122.74077606201172,859100
2014-11-25,124.16999816894531,125.62999725341797,122.68000030517578,125.1500015258789,124.10932159423828,1258600
2014-11-26,125.0,126.12999725341797,123.9800033569336,124.48999786376953,123.45478820800781,606400
2014-11-28,124.98999786376953,127.43000030517578,124.76000213623047,127.13999938964844,126.082763671875,661700
2014-12-01,126.23999786376953,126.31999969482422,121.91000366210938,122.08999633789062,121.07474517822266,1111800
2014-12-02,121.69999694824219,122.6500015258789,121.4800033569336,121.81999969482422,120.8069839477539,918300
2014-12-03,121.9000015258789,124.4000015258789,121.58000183105469,124.4000015258789,123.36553192138672,1632700
2014-12-04,121.44999694824219,125.4800033569336,120.61000061035156,122.68000030517578,121.65983581542969,1989900
2014-12-05,122.51000213623047,123.5999984741211,121.5,122.7699966430664,121.74907684326172,1439600
2014-12-08,122.37999725341797,123.9800033569336,121.25,121.48999786376953,120.47972869873047,1042800
2014-12-09,119.69999694824219,123.33000183105469,119.1500015258789,122.4000015258789,121.3821792602539,1318300
2014-12-10,122.4000015258789,123.43000030517578,121.6500015258789,122.68000030517578,121.65983581542969,1219500
2014-12-11,123.8499984741211,126.0999984741211,123.69000244140625,125.55999755859375,124.515869140625,1301700
2014-12-12,125.0999984741211,127.7300033569336,124.69999694824219,127.02999877929688,125.9736557006836,1511000
2014-12-15,127.33999633789062,127.91999816894531,126.08999633789062,126.4000015258789,125.3488998413086,1147700
2014-12-16,125.94000244140625,125.94000244140625,121.61000061035156,121.69000244140625,120.67808532714844,1172300
2014-12-17,122.48999786376953,123.95999908447266,120.69999694824219,123.81999969482422,122.79037475585938,856600
2014-12-18,124.86000061035156,124.94000244140625,123.13999938964844,124.87999725341797,123.84153747558594,943200
2014-12-19,125.58999633789062,125.58999633789062,122.11000061035156,122.91000366210938,121.887939453125,853900
2014-12-22,123.26000213623047,124.16999816894531,122.69000244140625,123.9800033569336,122.94902801513672,435700
2014-12-23,124.76000213623047,127.16000366210938,124.51000213623047,126.37999725341797,125.32907104492188,753700
2014-12-24,126.43000030517578,126.44999694824219,125.37999725341797,125.44000244140625,124.39688873291016,232500
2014-12-26,125.9800033569336,126.93000030517578,125.66000366210938,126.08000183105469,125.03156280517578,246400
2014-12-29,125.83000183105469,128.64999389648438,125.55999755859375,128.13999938964844,127.07442474365234,694800
2014-12-30,128.36000061035156,128.6699981689453,126.94999694824219,127.36000061035156,126.30091857910156,613200
2014-12-31,127.9000015258789,129.1699981689453,127.2300033569336,128.1699981689453,127.10417938232422,594400
2015-01-02,128.88999938964844,129.02999877929688,125.62000274658203,126.33999633789062,125.28938293457031,733000
2015-01-05,125.0999984741211,125.33000183105469,121.30999755859375,121.91000366210938,120.896240234375,1166800
2015-01-06,119.55999755859375,119.80000305175781,114.73999786376953,116.9800033569336,116.00724792480469,2785100
2015-01-07,118.44999694824219,120.41999816894531,118.01000213623047,119.97000122070312,118.97236633300781,1093600
2015-01-08,120.5,122.13999938964844,117.81999969482422,119.08999633789062,118.09969329833984,1037200
2015-01-09,118.94000244140625,118.94000244140625,117.52999877929688,117.87999725341797,116.89974975585938,667700
2015-01-12,118.0,118.25,116.83000183105469,117.73999786376953,116.76091003417969,586800
2015-01-13,118.0,119.37999725341797,116.44000244140625,117.95999908447266,116.97907257080078,825800
2015-01-14,116.3499984741211,117.18000030517578,114.16999816894531,114.72000122070312,113.76602935791016,1199700
2015-01-15,114.69999694824219,114.83000183105469,110.69999694824219,110.8499984741211,109.92819213867188,1436800
2015-01-16,110.19000244140625,111.55999755859375,109.69999694824219,111.41999816894531,110.49345397949219,967000
2015-01-20,111.58000183105469,112.7699966430664,109.81999969482422,110.93000030517578,110.0075454711914,1218600
2015-01-21,110.75,112.2699966430664,110.19000244140625,111.69000244140625,110.76122283935547,875400
2015-01-22,112.52999877929688,114.2300033569336,112.20999908447266,113.66999816894531,112.72474670410156,1019300
2015-01-23,113.80000305175781,114.16999816894531,111.91000366210938,112.01000213623047,111.07857513427734,798400
2015-01-26,111.7300033569336,112.0999984741211,110.63999938964844,110.93000030517578,110.0075454711914,1745700
2015-01-27,109.8499984741211,113.37000274658203,109.0,112.68000030517578,111.74298858642578,1867700
2015-01-28,113.0,113.58000183105469,111.58000183105469,111.62000274658203,110.69180297851562,796100
2015-01-29,112.12999725341797,113.91999816894531,111.61000061035156,112.94000244140625,112.00082397460938,690000
2015-01-30,111.98999786376953,113.41999816894531,110.12999725341797,110.26000213623047,109.34312438964844,995600
2015-02-02,110.44999694824219,111.44999694824219,109.05000305175781,111.38999938964844,110.46372985839844,845300
2015-02-03,111.80000305175781,113.83999633789062,111.5199966430664,113.73999786376953,112.79418182373047,897200
2015-02-04,112.06999969482422,112.06999969482422,106.19000244140625,106.95999908447266,106.07056427001953,2629400
2015-02-05,106.63999938964844,109.41000366210938,106.63999938964844,108.58999633789062,107.68698120117188,942600
2015-02-06,109.0,109.91000366210938,107.91000366210938,108.58999633789062,107.68698120117188,930800
2015-02-09,107.0,107.08999633789062,102.0,103.19000244140625,102.3319091796875,3332900
2015-02-10,103.61000061035156,104.55999755859375,101.73999786376953,102.51000213623047,101.65757751464844,1485900
2015-02-11,102.7300033569336,104.55000305175781,102.01000213623047,104.36000061035156,103.49217987060547,1008700
2015-02-12,104.80000305175781,105.75,104.4800033569336,105.41000366210938,104.533447265625,619500
2015-02-13,106.06999969482422,106.69000244140625,105.87000274658203,106.54000091552734,105.654052734375,1142800
2015-02-17,105.95999908447266,107.27999877929688,104.66999816894531,106.75,105.86229705810547,925100
2015-02-18,106.1500015258789,107.47000122070312,105.93000030517578,107.2699966430664,106.37796783447266,1091500
2015-02-19,107.33999633789062,109.98999786376953,107.20999908447266,108.5199966430664,107.61756896972656,1302200
2015-02-20,108.44000244140625,110.2300033569336,107.61000061035156,110.0,109.08528900146484,981500
2015-02-23,110.2699966430664,110.8499984741211,109.88999938964844,110.8499984741211,109.92819213867188,1229900
2015-02-24,110.80000305175781,112.12999725341797,110.75,111.68000030517578,110.78931427001953,1419400
2015-02-25,111.61000061035156,111.93000030517578,110.70999908447266,110.9800033569336,110.0948715209961,1481400
2015-02-26,111.04000091552734,111.95999908447266,107.66999816894531,107.9800033569336,107.11882019042969,1331500
2015-02-27,108.0,108.44000244140625,106.44999694824219,106.52999877929688,105.68035888671875,1572300
2015-03-02,106.06999969482422,108.19999694824219,106.01000213623047,106.73999786376953,105.88867950439453,1359900
2015-03-03,104.5,106.23999786376953,104.25,105.83000183105469,104.9859390258789,2060100
2015-03-04,105.63999938964844,106.4800033569336,105.13999938964844,105.76000213623047,104.91649627685547,1040700
2015-03-05,106.13999938964844,106.36000061035156,105.29000091552734,105.47000122070312,104.62882232666016,682800
2015-03-06,105.13999938964844,105.55000305175781,102.4000015258789,102.7300033569336,101.91067504882812,1582600
2015-03-09,102.76000213623047,102.97000122070312,101.87999725341797,102.70999908447266,101.89083099365234,1234300
2015-03-10,101.6500015258789,101.6500015258789,99.45999908447266,99.93000030517578,99.13299560546875,2105500
2015-03-11,100.26000213623047,100.91999816894531,96.47000122070312,96.9800033569336,96.20655059814453,1954200
2015-03-12,97.18000030517578,98.93000030517578,96.51000213623047,97.86000061035156,97.07949829101562,2168600
2015-03-13,97.48999786376953,98.69999694824219,96.87999725341797,97.30000305175781,96.52397918701172,1518600
2015-03-16,97.44000244140625,98.69999694824219,94.05000305175781,94.3499984741211,93.59748840332031,2716300
2015-03-17,94.1500015258789,98.41999816894531,93.80000305175781,98.29000091552734,97.5060806274414,2557800
2015-03-18,98.0,102.0199966430664,97.94000244140625,101.16000366210938,100.35318756103516,2074700
2015-03-19,101.12000274658203,101.98999786376953,100.55999755859375,101.62999725341797,100.8194351196289,1455700
2015-03-20,101.69000244140625,102.95999908447266,101.69000244140625,102.44000244140625,101.62295532226562,1298600
2015-03-23,102.58000183105469,105.27999877929688,102.51000213623047,103.7699966430664,102.9423599243164,1492600
2015-03-24,104.04000091552734,104.23999786376953,102.81999969482422,103.58000183105469,102.7538833618164,1162400
2015-03-25,103.5199966430664,105.20999908447266,103.16999816894531,104.02999877929688,103.20028686523438,2617600
2015-03-26,104.66999816894531,107.11000061035156,102.16999816894531,104.55999755859375,103.72605895996094,3666100
2015-03-27,105.56999969482422,105.58999633789062,102.19999694824219,103.91000366210938,103.08126068115234,2164400
2015-03-30,104.69999694824219,106.30999755859375,104.11000061035156,105.36000061035156,104.51968383789062,999600
2015-03-31,104.87000274658203,107.69000244140625,104.58000183105469,106.55999755859375,105.71011352539062,1402700
2015-04-01,106.68000030517578,107.44999694824219,105.70999908447266,107.4000015258789,106.54341125488281,1391700
2015-04-02,107.5,108.86000061035156,106.87000274658203,107.47000122070312,106.61287689208984,1488500
2015-04-06,106.77999877929688,109.86000061035156,106.66999816894531,109.3499984741211,108.47786712646484,1272700
2015-04-07,109.2699966430664,111.2300033569336,109.04000091552734,111.05000305175781,110.16431427001953,1217700
2015-04-08,111.22000122070312,111.44999694824219,110.31999969482422,110.75,109.86669158935547,1228100
2015-04-09,111.08000183105469,111.9800033569336,110.5,111.02999877929688,110.14446258544922,969500
2015-04-10,110.97000122070312,111.30999755859375,109.69000244140625,110.37999725341797,109.4996566772461,955100
2015-04-13,110.2300033569336,110.2300033569336,108.55000305175781,108.88999938964844,108.02153778076172,942100
2015-04-14,108.81999969482422,109.88999938964844,108.58999633789062,109.75,108.87467956542969,1296900
2015-04-15,110.0,110.27999877929688,108.69000244140625,108.91999816894531,108.0512924194336,1001100
2015-04-16,108.75,109.9800033569336,107.48999786376953,107.63999938964844,106.78152465820312,800100
2015-04-17,106.12000274658203,106.19999694824219,103.4800033569336,103.73999786376953,102.91262817382812,1771300
2015-04-20,104.62000274658203,104.62000274658203,103.38999938964844,103.75,102.92253112792969,1260200
2015-04-21,103.86000061035156,104.4800033569336,103.56999969482422,103.72000122070312,102.89278411865234,678800
2015-04-22,103.81999969482422,103.97000122070312,103.26000213623047,103.33000183105469,102.50589752197266,640500
2015-04-23,103.30999755859375,106.12999725341797,102.93000030517578,105.29000091552734,104.45024108886719,908700
2015-04-24,105.68000030517578,106.01000213623047,104.19000244140625,104.43000030517578,103.59711456298828,492500
2015-04-27,104.72000122070312,105.41000366210938,103.91000366210938,104.02999877929688,103.20028686523438,718500
2015-04-28,103.51000213623047,104.41999816894531,103.13999938964844,103.23999786376953,102.41658782958984,581700
2015-04-29,102.91000366210938,103.62000274658203,102.30000305175781,102.88999938964844,102.06941223144531,687100
2015-04-30,102.91000366210938,104.08000183105469,102.5199966430664,103.3499984741211,102.52571105957031,819100
2015-05-01,103.9800033569336,104.3499984741211,102.9000015258789,103.88999938964844,103.0614242553711,1302000
2015-05-04,104.1500015258789,105.77999877929688,104.06999969482422,105.6500015258789,104.80738067626953,821400
2015-05-05,105.94000244140625,106.22000122070312,105.16999816894531,105.70999908447266,104.86689758300781,746900
2015-05-06,105.69999694824219,105.69999694824219,103.77999877929688,105.0,104.16258239746094,899500
2015-05-07,105.05999755859375,105.62999725341797,103.93000030517578,105.5,104.65857696533203,563600
2015-05-08,106.38999938964844,107.1500015258789,105.91000366210938,106.05999755859375,105.21409606933594,579200
2015-05-11,105.87000274658203,106.22000122070312,105.16999816894531,105.69000244140625,104.84705352783203,493500
2015-05-12,104.98999786376953,106.44999694824219,104.41000366210938,104.44000244140625,103.60704040527344,645300
2015-05-13,104.4000015258789,104.51000213623047,102.54000091552734,103.0199966430664,102.19835662841797,1019600
2015-05-14,103.52999877929688,103.73999786376953,102.12000274658203,103.0199966430664,102.19835662841797,935200
2015-05-15,103.25,105.29000091552734,103.04000091552734,104.91000366210938,104.07328796386719,765400
2015-05-18,105.16999816894531,105.97000122070312,104.41999816894531,105.55000305175781,104.70819091796875,601900
2015-05-19,105.30999755859375,105.80000305175781,103.54000091552734,104.55000305175781,103.75352478027344,879300
2015-05-20,104.83000183105469,105.54000091552734,104.26000213623047,104.91999816894531,104.12068939208984,493400
2015-05-21,104.58000183105469,105.87000274658203,104.41999816894531,105.81999969482422,105.01383209228516,461100
2015-05-22,105.76000213623047,106.56999969482422,104.75,106.13999938964844,105.33140563964844,521600
2015-05-26,105.68000030517578,106.12000274658203,103.91000366210938,104.12000274658203,103.3267822265625,977800
2015-05-27,103.98999786376953,105.61000061035156,103.38999938964844,103.9000015258789,103.10845184326172,815300
2015-05-28,103.41000366210938,105.9800033569336,103.41000366210938,104.97000122070312,104.17030334472656,692700
2015-05-29,105.05000305175781,105.41000366210938,104.18000030517578,104.63999938964844,103.84280395507812,963100
2015-06-01,104.54000091552734,105.72000122070312,103.9000015258789,104.68000030517578,103.88250732421875,1459700
2015-06-02,108.62000274658203,114.30000305175781,108.62000274658203,112.08999633789062,111.2360610961914,4506800
2015-06-03,112.69000244140625,115.9000015258789,112.47000122070312,115.43000030517578,114.55062103271484,1993800
2015-06-04,114.31999969482422,116.91000366210938,113.70999908447266,115.58000183105469,114.69947052001953,1389900
2015-06-05,115.72000122070312,115.80999755859375,113.83000183105469,114.43000030517578,113.55821990966797,810600
2015-06-08,114.27999877929688,116.37999725341797,114.11000061035156,115.69000244140625,114.80864715576172,958100
2015-06-09,116.04000091552734,116.36000061035156,114.29000091552734,115.5199966430664,114.63992309570312,665000
2015-06-10,116.31999969482422,116.31999969482422,113.97000122070312,113.98999786376953,113.1216049194336,898400
2015-06-11,114.2699966430664,114.86000061035156,111.5,112.51000213623047,111.65287017822266,1473300
2015-06-12,112.4000015258789,113.01000213623047,111.6500015258789,112.75,111.89104461669922,692800
2015-06-15,112.08000183105469,112.41000366210938,110.6500015258789,111.16999816894531,110.32306671142578,909400
2015-06-16,111.51000213623047,113.47000122070312,110.58999633789062,112.93000030517578,112.06966400146484,1176500
2015-06-17,112.9000015258789,113.37000274658203,111.05000305175781,112.91999816894531,112.05975341796875,743800
2015-06-18,113.16999816894531,114.19999694824219,113.16999816894531,113.19000244140625,112.32769012451172,763700
2015-06-19,113.38999938964844,115.0999984741211,112.83999633789062,114.5999984741211,113.72693634033203,1178600
2015-06-22,115.31999969482422,115.31999969482422,113.80999755859375,114.63999938964844,113.76665496826172,687400
2015-06-23,114.4800033569336,115.16999816894531,114.19000244140625,114.86000061035156,113.98495483398438,448000
2015-06-24,114.80000305175781,115.0199966430664,113.62999725341797,113.69000244140625,112.8238754272461,385800
2015-06-25,114.37999725341797,117.11000061035156,114.37000274658203,116.25,115.36436462402344,1043000
2015-06-26,116.5,117.5,115.30000305175781,115.5,114.62005615234375,1862400
2015-06-29,114.58999633789062,115.55000305175781,112.83000183105469,112.9800033569336,112.11929321289062,746600
2015-06-30,113.93000030517578,115.81999969482422,113.4000015258789,115.19999694824219,114.3223648071289,1283200
2015-07-01,116.13999938964844,117.56999969482422,113.70999908447266,117.23999786376953,116.34681701660156,972900
2015-07-02,117.5,118.2699966430664,116.79000091552734,117.80999755859375,116.9124755859375,923600
2015-07-06,116.79000091552734,117.91000366210938,115.05000305175781,115.91000366210938,115.0269546508789,944200
2015-07-07,115.91000366210938,116.18000030517578,112.75,115.73999786376953,114.85823822021484,975300
2015-07-08,115.30000305175781,115.52999877929688,112.54000091552734,112.87999725341797,112.0200424194336,728900
2015-07-09,114.0,115.55999755859375,112.80999755859375,112.86000061035156,112.00019836425781,740900
2015-07-10,114.0,114.08000183105469,112.56999969482422,113.5999984741211,112.73456573486328,1008900
2015-07-13,114.5,116.72000122070312,114.44000244140625,116.52999877929688,115.64224243164062,760300
2015-07-14,116.47000122070312,116.91000366210938,115.6500015258789,115.76000213623047,114.87812042236328,503900
2015-07-15,115.66999816894531,116.25,114.55000305175781,114.80000305175781,113.9254150390625,576700
2015-07-16,115.19000244140625,115.91000366210938,113.5999984741211,115.41999816894531,114.54068756103516,660200
2015-07-17,115.0999984741211,115.54000091552734,113.75,114.08999633789062,113.22081756591797,440400
2015-07-20,114.5,114.9000015258789,113.33000183105469,114.43000030517578,113.55821990966797,560000
2015-07-21,114.5199966430664,115.62999725341797,113.44000244140625,114.27999877929688,113.40937805175781,391900
2015-07-22,114.05000305175781,115.26000213623047,114.05000305175781,115.0999984741211,114.22313690185547,531800
2015-07-23,115.66000366210938,116.4800033569336,114.5,114.6500015258789,113.77654266357422,544800
2015-07-24,115.0,115.45999908447266,111.76000213623047,113.05000305175781,112.18876647949219,566900
2015-07-27,112.7300033569336,112.76000213623047,111.06999969482422,111.5,110.65054321289062,570200
2015-07-28,112.2300033569336,113.86000061035156,111.62000274658203,113.41000366210938,112.5460205078125,432300
2015-07-29,113.45999908447266,116.0,113.45999908447266,115.69999694824219,114.81855010986328,578000
2015-07-30,115.19999694824219,116.45999908447266,115.05000305175781,116.16000366210938,115.27506256103516,440100
2015-07-31,116.23999786376953,116.62999725341797,114.58999633789062,116.04000091552734,115.1559829711914,569700
2015-08-03,115.61000061035156,115.76000213623047,112.81999969482422,114.45999908447266,113.58799743652344,1176700
2015-08-04,114.7699966430664,115.77999877929688,113.29000091552734,114.54000091552734,113.66740417480469,485800
2015-08-05,115.7699966430664,117.52999877929688,115.72000122070312,116.87999725341797,115.98955535888672,544500
2015-08-06,117.30999755859375,117.73999786376953,114.83999633789062,115.20999908447266,114.33229064941406,834200
2015-08-07,114.75,115.0999984741211,112.70999908447266,113.80000305175781,112.93302917480469,692200
2015-08-10,114.86000061035156,115.38999938964844,113.0199966430664,115.12000274658203,114.24297332763672,700200
2015-08-11,113.83999633789062,114.45999908447266,112.56999969482422,113.66999816894531,112.80402374267578,635800
2015-08-12,112.45999908447266,113.6500015258789,111.0,112.33000183105469,111.4742431640625,1093400
2015-08-13,112.4000015258789,112.5,111.0,111.77999877929688,110.92842864990234,1288300
2015-08-14,111.7699966430664,115.19999694824219,111.29000091552734,114.5199966430664,113.64754486083984,588900
2015-08-17,114.29000091552734,115.61000061035156,113.37000274658203,115.52999877929688,114.64986419677734,444300
2015-08-18,115.87000274658203,116.83999633789062,115.12000274658203,116.6500015258789,115.7613296508789,529000
2015-08-19,115.83999633789062,118.30999755859375,115.38999938964844,117.37999725341797,116.48575592041016,857100
2015-08-20,115.95999908447266,116.55000305175781,113.66000366210938,114.9800033569336,114.10404205322266,1160300
2015-08-21,113.68000030517578,114.16000366210938,111.4000015258789,112.27999877929688,111.42462158203125,964100
2015-08-24,112.26000213623047,115.0,104.87999725341797,107.3499984741211,106.56824493408203,1742000
2015-08-25,110.1500015258789,113.29000091552734,109.05000305175781,109.22000122070312,108.42462158203125,2034900
2015-08-26,111.45999908447266,112.44000244140625,108.19000244140625,111.44000244140625,110.62846374511719,1583500
2015-08-27,117.16999816894531,120.0,115.58000183105469,118.16999816894531,117.30944061279297,2789000
2015-08-28,118.0,119.33999633789062,116.2699966430664,116.9800033569336,116.12812805175781,1488900
2015-08-31,116.38999938964844,120.11000061035156,115.80000305175781,118.9800033569336,118.11353302001953,1395500
2015-09-01,116.33999633789062,118.37000274658203,115.79000091552734,116.80999755859375,115.95934295654297,1241800
2015-09-02,117.7300033569336,118.29000091552734,116.02999877929688,118.26000213623047,117.3987808227539,798900
2015-09-03,119.0,120.66999816894531,117.12999725341797,117.80000305175781,116.94214630126953,975300
2015-09-04,117.30000305175781,118.41999816894531,116.4000015258789,116.88999938964844,116.03876495361328,765900
2015-09-08,118.95999908447266,119.02999877929688,117.08999633789062,118.16000366210938,117.29952239990234,1158500
2015-09-09,119.0,119.69000244140625,114.44000244140625,114.68000030517578,113.84485626220703,943100
2015-09-10,114.95999908447266,115.93000030517578,113.83000183105469,114.48999786376953,113.65621948242188,863200
2015-09-11,113.88999938964844,114.83000183105469,113.02999877929688,114.02999877929688,113.1995849609375,788700
2015-09-14,113.76000213623047,113.91999816894531,112.23999786376953,112.79000091552734,111.96863555908203,874400
2015-09-15,112.9800033569336,113.5999984741211,111.5999984741211,113.44000244140625,112.61388397216797,833700
2015-09-16,113.68000030517578,115.83999633789062,113.41000366210938,115.73999786376953,114.89713287353516,471900
2015-09-17,115.5,116.98999786376953,114.55999755859375,114.95999908447266,114.12281036376953,773700
2015-09-18,113.47000122070312,114.16999816894531,111.31999969482422,111.61000061035156,110.79723358154297,818900
2015-09-21,112.62999725341797,114.27999877929688,111.7300033569336,113.5,112.67345428466797,789000
2015-09-22,111.80000305175781,112.76000213623047,110.70999908447266,112.29000091552734,111.47225952148438,669600
2015-09-23,112.12000274658203,112.54000091552734,108.62999725341797,108.80999755859375,108.01760864257812,566300
2015-09-24,108.30000305175781,108.45999908447266,105.5199966430664,107.0999984741211,106.3200454711914,1475500
2015-09-25,108.2300033569336,108.6500015258789,103.7300033569336,104.8499984741211,104.0864486694336,1521600
2015-09-28,104.20999908447266,104.52999877929688,98.91999816894531,100.05000305175781,99.32140350341797,1118600
2015-09-29,100.08999633789062,100.69000244140625,96.26000213623047,96.76000213623047,96.05535888671875,1680400
2015-09-30,98.20999908447266,102.05999755859375,98.04000091552734,101.94000244140625,101.1976318359375,1483700
2015-10-01,101.80999755859375,102.70999908447266,99.19000244140625,99.94000244140625,99.21220397949219,1098200
2015-10-02,98.91999816894531,101.4800033569336,97.2699966430664,101.43000030517578,100.69136810302734,710400
2015-10-05,101.81999969482422,103.33999633789062,101.05000305175781,103.18000030517578,102.42860412597656,727600
2015-10-06,102.62000274658203,103.37000274658203,100.27999877929688,101.05999755859375,100.32402038574219,724400
2015-10-07,101.61000061035156,101.62999725341797,98.16999816894531,98.98999786376953,98.26912689208984,973200
2015-10-08,98.98999786376953,102.22000122070312,98.0199966430664,101.5999984741211,100.86009979248047,978000
2015-10-09,101.36000061035156,101.63999938964844,99.55000305175781,100.63999938964844,99.9071044921875,695700
2015-10-12,101.06999969482422,101.5999984741211,100.08000183105469,100.45999908447266,99.72840118408203,569800
2015-10-13,100.0,101.29000091552734,99.0,100.37999725341797,99.64898681640625,626400
2015-10-14,100.54000091552734,102.19000244140625,99.44999694824219,99.87999725341797,99.15263366699219,942000
2015-10-15,100.3499984741211,100.5999984741211,98.37000274658203,98.5999984741211,97.8819580078125,1188200
2015-10-16,99.38999938964844,101.2699966430664,98.83000183105469,101.19000244140625,100.4531021118164,877000
2015-10-19,100.58000183105469,101.33999633789062,99.12000274658203,100.18000030517578,99.45045471191406,867500
2015-10-20,100.06999969482422,100.91000366210938,99.13999938964844,99.51000213623047,98.78533172607422,633700
2015-10-21,100.01000213623047,100.22000122070312,95.18000030517578,95.7300033569336,95.0328598022461,1987800
2015-10-22,95.94000244140625,97.69000244140625,95.54000091552734,95.93000030517578,95.23139953613281,1715800
2015-10-23,95.66999816894531,95.66999816894531,87.12000274658203,88.16999816894531,87.52792358398438,3653300
2015-10-26,88.63999938964844,90.66999816894531,88.48999786376953,89.94999694824219,89.29492950439453,1448900
2015-10-27,89.69000244140625,90.86000061035156,89.30000305175781,89.48999786376953,88.83830261230469,923000
2015-10-28,89.94999694824219,91.6500015258789,88.7699966430664,90.69000244140625,90.02957916259766,830800
2015-10-29,90.33999633789062,91.27999877929688,89.0,91.0,90.3373031616211,1167100
2015-10-30,91.19000244140625,91.97000122070312,90.69000244140625,90.94999694824219,90.28765869140625,1268300
2015-11-02,90.94999694824219,92.58000183105469,89.43000030517578,92.18000030517578,91.50871276855469,696800
2015-11-03,92.12999725341797,93.97000122070312,91.72000122070312,92.91999816894531,92.24331665039062,878100
2015-11-04,93.37000274658203,93.95999908447266,91.05000305175781,92.08000183105469,91.40943145751953,753400
2015-11-05,95.27999877929688,96.16000366210938,93.19000244140625,94.91000366210938,94.21881866455078,1427700
2015-11-06,94.75,94.75,91.88999938964844,94.23999786376953,93.55369567871094,1066800
2015-11-09,94.02999877929688,94.05000305175781,90.8499984741211,91.23999786376953,90.57555389404297,1261100
2015-11-10,90.91999816894531,93.11000061035156,90.91999816894531,92.93000030517578,92.25325012207031,724000
2015-11-11,89.75,91.19999694824219,87.1500015258789,88.26000213623047,87.61727142333984,1446800
2015-11-12,87.73999786376953,90.86000061035156,87.48999786376953,89.37999725341797,88.7291030883789,1349000
2015-11-13,87.91000366210938,87.91000366210938,84.37000274658203,85.16000366210938,84.53984069824219,1270800
2015-11-16,84.80000305175781,86.9000015258789,84.38999938964844,86.69000244140625,86.05870819091797,1204700
2015-11-17,86.66999816894531,86.9000015258789,84.05000305175781,85.0999984741211,84.48028564453125,917700
2015-11-18,85.51000213623047,89.70999908447266,85.51000213623047,89.56999969482422,88.95744323730469,1201500
2015-11-19,89.44000244140625,90.5,88.5999984741211,88.91000366210938,88.30196380615234,615800
2015-11-20,89.52999877929688,92.04000091552734,89.52999877929688,91.01000213623047,90.38761138916016,1020800
2015-11-23,90.87000274658203,93.0999984741211,90.72000122070312,92.70999908447266,92.07597351074219,640700
2015-11-24,91.68000030517578,93.11000061035156,90.86000061035156,92.5999984741211,91.96672821044922,739600
2015-11-25,92.98999786376953,93.19999694824219,91.44999694824219,92.5999984741211,91.96672821044922,686800
2015-11-27,92.8499984741211,93.41999816894531,91.41999816894531,93.06999969482422,92.43350219726562,322500
2015-11-30,92.38999938964844,92.5999984741211,90.79000091552734,91.29000091552734,90.66567993164062,1144900
2015-12-01,91.23999786376953,94.19000244140625,91.0199966430664,92.22000122070312,91.5893325805664,1143600
2015-12-02,92.33000183105469,94.87999725341797,92.01000213623047,93.37999725341797,92.74140167236328,1565300
2015-12-03,92.29000091552734,92.47000122070312,82.80999755859375,83.0199966430664,82.45223236083984,4705600
2015-12-04,82.81999969482422,83.86000061035156,80.33000183105469,81.81999969482422,81.26044464111328,2636300
2015-12-07,81.16999816894531,81.16999816894531,79.05000305175781,80.4800033569336,79.92961883544922,1509000
2015-12-08,79.44000244140625,80.80999755859375,78.87999725341797,79.75,79.20460510253906,2683700
2015-12-09,78.91999816894531,80.45999908447266,77.8499984741211,78.56999969482422,78.03267669677734,1931400
2015-12-10,78.37999725341797,78.87000274658203,77.05999755859375,77.20999908447266,76.68195343017578,1200000
2015-12-11,76.30999755859375,77.22000122070312,75.70999908447266,76.16999816894531,75.64908599853516,1368200
2015-12-14,76.19999694824219,77.06999969482422,75.44999694824219,76.20999908447266,75.68881225585938,2184200
2015-12-15,77.0,77.66999816894531,76.08000183105469,76.3499984741211,75.82784271240234,1733600
2015-12-16,77.01000213623047,77.69000244140625,75.01000213623047,75.83999633789062,75.32133483886719,1874700
2015-12-17,75.97000122070312,76.04000091552734,73.37999725341797,74.08999633789062,73.58332061767578,3365100
2015-12-18,74.05000305175781,74.5199966430664,72.69999694824219,73.29000091552734,72.78877258300781,2088000
2015-12-21,73.54000091552734,74.08000183105469,72.3499984741211,72.88999938964844,72.3915023803711,1153200
2015-12-22,73.0,73.44999694824219,71.98999786376953,73.12000274658203,72.61994934082031,1030000
2015-12-23,73.69000244140625,74.41999816894531,73.05999755859375,73.87000274658203,73.36482238769531,1066200
2015-12-24,73.87000274658203,73.87000274658203,72.41999816894531,72.79000091552734,72.2922134399414,392700
2015-12-28,72.80000305175781,73.37999725341797,72.33999633789062,72.91999816894531,72.42131042480469,895900
2015-12-29,73.62999725341797,74.69999694824219,73.20999908447266,74.30000305175781,73.79186248779297,850600
2015-12-30,74.05999755859375,74.29000091552734,73.0199966430664,73.1500015258789,72.64974212646484,800000
2015-12-31,72.97000122070312,74.7699966430664,72.73999786376953,73.6500015258789,73.14633178710938,801800
2016-01-04,72.72000122070312,74.20999908447266,72.0999984741211,73.48999786376953,72.9874038696289,1353200
2016-01-05,73.94999694824219,74.83000183105469,73.0999984741211,74.5,73.99050903320312,1400800
2016-01-06,73.31999969482422,74.37000274658203,71.68000030517578,72.79000091552734,72.2922134399414,1238800
2016-01-07,71.68000030517578,73.2300033569336,70.9800033569336,71.44000244140625,70.95143127441406,1569300
2016-01-08,71.91000366210938,72.11000061035156,70.20999908447266,70.33999633789062,69.85892486572266,1219400
2016-01-11,70.4800033569336,71.45999908447266,69.0199966430664,69.7699966430664,69.29285430908203,988900
2016-01-12,70.9800033569336,72.4000015258789,69.18000030517578,70.06999969482422,69.59081268310547,970800
2016-01-13,70.55999755859375,71.68000030517578,69.86000061035156,69.94999694824219,69.47161865234375,1324900
2016-01-14,69.93000030517578,69.93000030517578,67.66000366210938,68.77999877929688,68.30962371826172,915900
2016-01-15,66.95999908447266,69.18000030517578,66.41000366210938,68.3499984741211,67.882568359375,2067100
2016-01-19,68.62999725341797,69.13999938964844,65.91999816894531,66.41000366210938,65.95581817626953,2682200
2016-01-20,65.5,66.93000030517578,64.16000366210938,66.44000244140625,65.98563385009766,1853200
2016-01-21,66.5199966430664,69.81999969482422,65.87000274658203,68.68000030517578,68.21031188964844,1060900
2016-01-22,69.75,70.45999908447266,68.66999816894531,69.83000183105469,69.3524398803711,728500
2016-01-25,69.51000213623047,69.7300033569336,67.26000213623047,67.58000183105469,67.11783599853516,944100
2016-01-26,68.19000244140625,70.54000091552734,67.91999816894531,69.56999969482422,69.0942153930664,1007700
2016-01-27,69.19999694824219,71.19000244140625,68.8499984741211,69.44999694824219,68.97504425048828,738800
2016-01-28,70.4800033569336,71.0199966430664,68.43000030517578,69.30000305175781,68.82608032226562,907500
2016-01-29,69.66000366210938,73.41999816894531,69.2699966430664,73.37999725341797,72.87816619873047,1173400
2016-02-01,72.37000274658203,74.16000366210938,71.31999969482422,73.16999816894531,72.66959381103516,1123100
2016-02-02,79.08999633789062,79.11000061035156,74.68000030517578,75.1500015258789,74.63606262207031,3783500
2016-02-03,76.05999755859375,79.68000030517578,75.69000244140625,79.26000213623047,78.71794891357422,2492200
2016-02-04,78.16999816894531,78.16999816894531,76.1500015258789,77.41999816894531,76.89053344726562,2115600
2016-02-05,76.7699966430664,77.61000061035156,74.63999938964844,74.91999816894531,74.40762329101562,1754500
2016-02-08,74.0999984741211,74.0999984741211,70.38999938964844,71.87999725341797,71.38842010498047,1465900
2016-02-09,71.16000366210938,72.13999938964844,68.95999908447266,71.08999633789062,70.60381317138672,1521100
2016-02-10,71.73999786376953,72.4800033569336,71.37999725341797,71.58000183105469,71.09046173095703,949400
2016-02-11,70.86000061035156,71.5,69.33000183105469,70.45999908447266,69.9781265258789,847900
2016-02-12,71.47000122070312,73.55999755859375,70.56999969482422,73.3499984741211,72.84838104248047,857400
2016-02-16,74.31999969482422,74.4800033569336,72.73999786376953,73.91999816894531,73.41447448730469,1035500
2016-02-17,75.0999984741211,75.97000122070312,73.51000213623047,75.91999816894531,75.40079498291016,1280600
2016-02-18,75.51000213623047,77.0199966430664,74.43000030517578,76.37999725341797,75.85763549804688,1168000
2016-02-19,74.62000274658203,75.16000366210938,71.87999725341797,74.98999786376953,74.4771499633789,1284000
2016-02-22,75.44999694824219,77.05000305175781,75.20999908447266,76.37999725341797,75.85763549804688,800600
2016-02-23,76.75,79.26000213623047,75.58000183105469,77.7300033569336,77.2368392944336,1292200
2016-02-24,76.87000274658203,77.25,75.38999938964844,76.8499984741211,76.36243438720703,1381800
2016-02-25,77.05000305175781,80.27999877929688,76.79000091552734,80.25,79.74085235595703,1340200
2016-02-26,80.94000244140625,80.94000244140625,78.58999633789062,79.69000244140625,79.18441772460938,1065300
2016-02-29,79.83000183105469,80.94999694824219,78.9800033569336,79.1500015258789,78.64784240722656,708900
2016-03-01,80.08999633789062,82.83999633789062,79.0999984741211,82.51000213623047,81.98652648925781,1217900
2016-03-02,81.77999877929688,84.51000213623047,81.5199966430664,84.3499984741211,83.81484985351562,1223900
2016-03-03,83.94999694824219,85.48999786376953,83.91000366210938,85.44999694824219,84.90786743164062,899900
2016-03-04,85.45999908447266,87.5999984741211,85.1500015258789,85.94999694824219,85.40467071533203,1007800
2016-03-07,85.48999786376953,86.62999725341797,85.37000274658203,86.2300033569336,85.68291473388672,912800
2016-03-08,85.38999938964844,86.62999725341797,84.0,84.18000030517578,83.64592742919922,1102900
2016-03-09,84.77999877929688,85.30000305175781,83.12000274658203,85.01000213623047,84.47065734863281,654900
2016-03-10,85.29000091552734,86.29000091552734,84.05000305175781,85.5999984741211,85.05692291259766,732300
2016-03-11,86.76000213623047,87.55999755859375,86.02999877929688,87.45999908447266,86.90509796142578,759000
2016-03-14,87.5199966430664,88.44000244140625,87.0,87.87999725341797,87.32243347167969,668100
2016-03-15,87.30999755859375,88.01000213623047,86.77999877929688,87.9800033569336,87.42181396484375,683700
2016-03-16,87.4800033569336,88.16999816894531,86.3499984741211,87.77999877929688,87.22309875488281,836400
2016-03-17,87.77999877929688,89.41000366210938,87.19999694824219,89.20999908447266,88.64399719238281,989900
2016-03-18,89.52999877929688,89.52999877929688,87.83999633789062,88.27999877929688,87.71990966796875,1435100
2016-03-21,88.30000305175781,90.80999755859375,88.30000305175781,90.56999969482422,89.99539184570312,1558400
2016-03-22,89.5,89.5999984741211,87.55000305175781,88.98999786376953,88.42539978027344,1523700
2016-03-23,88.30000305175781,88.95999908447266,87.41999816894531,87.62999725341797,87.07402801513672,1677800
2016-03-24,92.43000030517578,95.25,90.69000244140625,94.29000091552734,93.6917724609375,3632200
2016-03-28,94.80000305175781,97.05000305175781,94.44999694824219,96.5199966430664,95.90763092041016,1521400
2016-03-29,96.58999633789062,98.1500015258789,96.0,97.75,97.12982177734375,1336600
2016-03-30,99.3499984741211,99.55000305175781,97.1500015258789,98.91999816894531,98.29240417480469,1272000
2016-03-31,98.69000244140625,100.0,98.5,99.05999755859375,98.43151092529297,1127100
2016-04-01,98.68000030517578,99.79000091552734,97.66000366210938,99.38999938964844,98.75942993164062,1115100
2016-04-04,99.16000366210938,99.48999786376953,96.81999969482422,97.66000366210938,97.04039764404297,1023100
2016-04-05,96.80000305175781,97.72000122070312,96.33999633789062,96.48999786376953,95.87781524658203,1010500
2016-04-06,96.58000183105469,97.05999755859375,95.13999938964844,96.5,95.88776397705078,1231100
2016-04-07,95.7300033569336,96.66999816894531,94.41999816894531,95.22000122070312,94.61588287353516,1257300
2016-04-08,95.52999877929688,95.83999633789062,92.44000244140625,93.05000305175781,92.45965576171875,1228800
2016-04-11,93.12999725341797,94.52999877929688,93.05000305175781,93.20999908447266,92.6186294555664,1110900
2016-04-12,93.0,93.75,91.38999938964844,93.62000274658203,93.02603149414062,1319100
2016-04-13,94.11000061035156,95.66000366210938,94.11000061035156,94.93000030517578,94.32771301269531,1138300
2016-04-14,94.93000030517578,95.7300033569336,94.5,94.93000030517578,94.32771301269531,635900
2016-04-15,94.80999755859375,96.2699966430664,94.66000366210938,95.37000274658203,94.76494598388672,756400
2016-04-18,94.7300033569336,96.5,94.43000030517578,95.43000030517578,94.8245620727539,672100
2016-04-19,95.88999938964844,95.94999694824219,94.01000213623047,95.25,94.64569091796875,867500
2016-04-20,94.94000244140625,96.02999877929688,94.31999969482422,95.58999633789062,94.9835205078125,595900
2016-04-21,96.12000274658203,97.51000213623047,95.26000213623047,96.37000274658203,95.75858306884766,702600
2016-04-22,96.80000305175781,97.55999755859375,95.5999984741211,96.08000183105469,95.47042846679688,709300
2016-04-25,95.48999786376953,95.52999877929688,94.52999877929688,95.23999786376953,94.63575744628906,673900
2016-04-26,95.69000244140625,97.69999694824219,95.62000274658203,97.69000244140625,97.07020568847656,751500
2016-04-27,97.31999969482422,98.22000122070312,97.0,97.8499984741211,97.22919464111328,517700
2016-04-28,97.62000274658203,97.86000061035156,95.20999908447266,95.51000213623047,94.90404510498047,568500
2016-04-29,95.76000213623047,95.93000030517578,93.91000366210938,95.5999984741211,94.99346923828125,899500
2016-05-02,96.0,97.16000366210938,94.13999938964844,96.91000366210938,96.29517364501953,524100
2016-05-03,96.41999816894531,96.9000015258789,95.69999694824219,95.94999694824219,95.34123229980469,752000
2016-05-04,95.44000244140625,96.26000213623047,94.9000015258789,95.54000091552734,94.93385314941406,733300
2016-05-05,95.08000183105469,95.33000183105469,91.19000244140625,91.5,90.91948699951172,1968300
2016-05-06,91.4800033569336,92.05999755859375,90.45999908447266,91.4000015258789,90.82011413574219,1237000
2016-05-09,91.51000213623047,92.66000366210938,90.80000305175781,91.6500015258789,91.06851959228516,536300
2016-05-10,91.37999725341797,92.91999816894531,89.83000183105469,89.95999908447266,89.38925170898438,1280800
2016-05-11,86.62999725341797,86.62999725341797,83.01000213623047,83.1500015258789,82.6224594116211,3035100
2016-05-12,84.05999755859375,85.06999969482422,82.0999984741211,84.16000366210938,83.62605285644531,3356600
2016-05-13,83.37999725341797,85.6500015258789,82.55999755859375,83.44999694824219,82.92054748535156,1380900
2016-05-16,83.91999816894531,86.30000305175781,83.20999908447266,85.75,85.20596313476562,1457900
2016-05-17,85.33000183105469,88.05000305175781,84.43000030517578,86.6500015258789,86.138427734375,2211900
2016-05-18,85.94999694824219,86.70999908447266,84.8499984741211,85.95999908447266,85.45250701904297,1358800
2016-05-19,86.22000122070312,88.6500015258789,85.19000244140625,86.41999816894531,85.90978240966797,1035700
2016-05-20,86.91999816894531,89.19999694824219,85.63999938964844,88.95999908447266,88.43478393554688,1924800
2016-05-23,88.76000213623047,89.22000122070312,87.20999908447266,88.11000061035156,87.5898208618164,1275900
2016-05-24,88.25,89.68000030517578,87.9000015258789,89.0199966430664,88.4944076538086,1422600
2016-05-25,88.79000091552734,89.86000061035156,87.95999908447266,89.83000183105469,89.2996597290039,2158000
2016-05-26,96.12999725341797,96.66999816894531,93.5199966430664,93.7300033569336,93.1766128540039,3016500
2016-05-27,93.95999908447266,95.44999694824219,93.61000061035156,94.54000091552734,93.98182678222656,1319600
2016-05-31,94.06999969482422,94.54000091552734,93.08000183105469,93.80000305175781,93.24620056152344,1225500
2016-06-01,93.5999984741211,95.55999755859375,93.5,95.44999694824219,94.88646697998047,1141200
2016-06-02,95.33000183105469,97.33000183105469,94.9800033569336,97.33000183105469,96.75537872314453,1342700
2016-06-03,97.02999877929688,97.2300033569336,95.79000091552734,96.8499984741211,96.27819061279297,613500
2016-06-06,96.66000366210938,97.51000213623047,96.08000183105469,96.79000091552734,96.21854400634766,757800
2016-06-07,95.66000366210938,97.66999816894531,94.54000091552734,97.19999694824219,96.62612915039062,809900
2016-06-08,97.13999938964844,97.69999694824219,96.19999694824219,96.80000305175781,96.22850799560547,993500
2016-06-09,96.05000305175781,97.38999938964844,95.2300033569336,97.20999908447266,96.63607788085938,796100
2016-06-10,97.0999984741211,97.11000061035156,95.83999633789062,96.6500015258789,96.07937622070312,903900
2016-06-13,96.27999877929688,97.12999725341797,95.16000366210938,95.22000122070312,94.65782928466797,672900
2016-06-14,94.66000366210938,95.61000061035156,93.93000030517578,94.37999725341797,93.82279205322266,1347500
2016-06-15,95.33000183105469,99.5,95.0,97.37999725341797,96.8050765991211,1611500
2016-06-16,96.58999633789062,96.8499984741211,95.27999877929688,96.72000122070312,96.14897918701172,849500
2016-06-17,96.8499984741211,98.86000061035156,95.87000274658203,98.62999725341797,98.04769897460938,1101900
2016-06-20,99.05000305175781,101.8499984741211,99.04000091552734,100.44000244140625,99.84700775146484,962600
2016-06-21,101.1500015258789,101.62999725341797,100.13999938964844,101.4800033569336,100.88086700439453,699000
2016-06-22,101.1500015258789,102.7699966430664,100.68000030517578,100.7699966430664,100.17505645751953,781700
2016-06-23,101.86000061035156,103.36000061035156,101.76000213623047,102.73999786376953,102.1334228515625,818000
2016-06-24,97.12999725341797,98.36000061035156,93.30999755859375,93.55000305175781,92.99768829345703,2999100
2016-06-27,92.19999694824219,92.19999694824219,83.80000305175781,84.91000366210938,84.40869903564453,4365500
2016-06-28,87.51000213623047,89.75,87.51000213623047,89.58000183105469,89.05113220214844,2102500
2016-06-29,90.63999938964844,93.2699966430664,90.63999938964844,92.81999969482422,92.27201080322266,1688700
2016-06-30,92.68000030517578,94.33000183105469,92.05000305175781,94.2300033569336,93.6736831665039,1135900
2016-07-01,94.38999938964844,96.04000091552734,94.0,95.02999877929688,94.46894836425781,863200
2016-07-05,94.63999938964844,94.70999908447266,91.73999786376953,92.44999694824219,91.9041748046875,842100
2016-07-06,92.16000366210938,94.56999969482422,91.30999755859375,94.55000305175781,93.99178314208984,1067200
2016-07-07,94.62000274658203,95.61000061035156,93.55999755859375,94.91000366210938,94.34965515136719,894400
2016-07-08,96.1500015258789,98.19999694824219,95.80000305175781,97.31999969482422,96.74544525146484,970500
2016-07-11,97.8499984741211,98.87000274658203,97.43000030517578,97.75,97.17288208007812,644200
2016-07-12,98.87000274658203,99.98999786376953,98.79000091552734,99.4000015258789,98.81315612792969,1365100
2016-07-13,99.44999694824219,99.58000183105469,97.83999633789062,98.58000183105469,97.99799346923828,665400
2016-07-14,99.94000244140625,99.95999908447266,98.44000244140625,98.7699966430664,98.18685913085938,357800
2016-07-15,99.05000305175781,99.7300033569336,98.3499984741211,98.51000213623047,97.92840576171875,604100
2016-07-18,98.61000061035156,99.70999908447266,98.05999755859375,99.06999969482422,98.485107421875,653600
2016-07-19,99.0,99.02999877929688,97.69999694824219,98.2699966430664,97.68981170654297,388500
2016-07-20,99.0999984741211,100.73999786376953,99.0999984741211,100.19000244140625,99.59847259521484,628100
2016-07-21,99.94000244140625,101.19999694824219,98.95999908447266,99.5999984741211,99.01197814941406,627200
2016-07-22,99.16999816894531,100.52999877929688,97.80000305175781,99.80000305175781,99.21080017089844,759000
2016-07-25,99.61000061035156,100.7699966430664,99.05999755859375,100.5999984741211,100.00605010986328,595300
2016-07-26,100.54000091552734,102.93000030517578,100.54000091552734,101.12000274658203,100.52298736572266,804500
2016-07-27,101.58999633789062,101.97000122070312,99.27999877929688,100.47000122070312,99.8768310546875,809400
2016-07-28,100.44000244140625,100.54000091552734,98.41999816894531,99.62000274658203,99.03185272216797,651800
2016-07-29,99.45999908447266,101.30999755859375,98.58000183105469,101.05999755859375,100.46333312988281,814200
2016-08-01,100.8499984741211,101.12999725341797,99.33000183105469,99.91999816894531,99.33008575439453,686200
2016-08-02,99.76000213623047,99.76000213623047,96.16000366210938,96.51000213623047,95.94020080566406,638100
2016-08-03,94.94999694824219,96.2300033569336,92.83000183105469,95.69000244140625,95.12504577636719,1347100
2016-08-04,96.0999984741211,98.0,96.0999984741211,96.47000122070312,95.90044403076172,661100
2016-08-05,97.3499984741211,99.18000030517578,96.58000183105469,98.62999725341797,98.04769897460938,817300
2016-08-08,99.05999755859375,100.37999725341797,98.22000122070312,98.5,97.91845703125,589200
2016-08-09,98.0,98.13999938964844,96.4000015258789,96.58999633789062,96.01972961425781,607200
2016-08-10,97.77999877929688,99.55000305175781,97.25,98.13999938964844,97.56057739257812,626000
2016-08-11,101.94000244140625,103.91000366210938,99.75,103.05000305175781,102.44159698486328,1540600
2016-08-12,102.61000061035156,104.22000122070312,102.31999969482422,104.0,103.385986328125,644700
2016-08-15,104.05999755859375,105.5199966430664,104.05999755859375,105.05000305175781,104.42977905273438,419700
2016-08-16,105.04000091552734,105.62000274658203,104.3499984741211,105.18000030517578,104.55902099609375,487400
2016-08-17,104.94999694824219,105.69000244140625,104.0,105.05000305175781,104.42977905273438,856800
2016-08-18,105.30000305175781,107.05000305175781,105.0,106.5,105.87123107910156,955200
2016-08-19,106.16000366210938,108.2699966430664,106.08000183105469,107.98999786376953,107.3524169921875,885500
2016-08-22,107.80000305175781,108.0,106.61000061035156,107.22000122070312,106.62449645996094,744100
2016-08-23,108.5199966430664,110.72000122070312,107.9000015258789,109.55000305175781,108.94155883789062,1294800
2016-08-24,110.0,110.01000213623047,107.52999877929688,108.81999969482422,108.21562194824219,1555600
2016-08-25,110.18000030517578,111.75,105.16000366210938,107.37000274658203,106.77367401123047,2452000
2016-08-26,107.93000030517578,110.19000244140625,106.61000061035156,107.58000183105469,106.98249053955078,1314600
2016-08-29,107.45999908447266,109.72000122070312,107.37000274658203,108.7300033569336,108.1261215209961,616200
2016-08-30,108.7300033569336,108.7300033569336,106.83000183105469,107.91999816894531,107.32062530517578,788800
2016-08-31,107.91999816894531,108.5999984741211,106.1500015258789,107.76000213623047,107.16150665283203,974400
2016-09-01,107.83999633789062,108.80999755859375,107.05000305175781,108.18000030517578,107.57916259765625,750100
2016-09-02,108.23999786376953,109.68000030517578,108.04000091552734,108.55999755859375,107.9570541381836,509700
2016-09-06,108.55999755859375,108.91999816894531,107.30000305175781,108.38999938964844,107.78800964355469,763400
2016-09-07,108.52999877929688,110.41000366210938,108.08999633789062,110.19000244140625,109.57799530029297,867000
2016-09-08,109.18000030517578,110.4000015258789,108.5199966430664,108.7699966430664,108.16590118408203,784500
2016-09-09,107.77999877929688,108.44999694824219,106.48999786376953,107.1500015258789,106.55488586425781,912300
2016-09-12,107.33000183105469,108.9800033569336,106.4000015258789,108.6500015258789,108.04656219482422,889600
2016-09-13,107.6500015258789,108.80000305175781,105.94999694824219,106.7300033569336,106.13722229003906,710500
2016-09-14,106.48999786376953,108.58999633789062,106.37999725341797,106.93000030517578,106.33612823486328,874800
2016-09-15,105.7300033569336,107.58999633789062,105.2699966430664,107.4800033569336,106.88306427001953,855400
2016-09-16,106.6500015258789,107.44999694824219,106.12000274658203,107.19000244140625,106.59468841552734,929400
2016-09-19,108.12000274658203,108.80000305175781,107.1500015258789,108.05000305175781,107.44989013671875,827700
2016-09-20,108.80000305175781,109.77999877929688,107.38999938964844,107.87000274658203,107.27088928222656,555900
2016-09-21,108.08999633789062,109.51000213623047,107.9000015258789,109.27999877929688,108.67304992675781,840100
2016-09-22,109.75,109.9800033569336,107.94000244140625,108.80999755859375,108.20567321777344,769900
2016-09-23,108.7699966430664,110.02999877929688,108.54000091552734,108.5999984741211,107.99683380126953,500500
2016-09-26,108.16000366210938,108.31999969482422,105.7300033569336,105.80000305175781,105.21239471435547,602700
2016-09-27,105.8499984741211,107.26000213623047,105.04000091552734,106.37000274658203,105.77922058105469,702600
2016-09-28,106.61000061035156,107.05999755859375,105.73999786376953,106.83000183105469,106.23665618896484,542000
2016-09-29,106.4800033569336,108.26000213623047,106.16999816894531,106.66000366210938,106.06761932373047,886600
2016-09-30,107.98999786376953,111.93000030517578,107.93000030517578,110.5,109.88628387451172,1612700
2016-10-03,110.29000091552734,112.61000061035156,109.7300033569336,111.54000091552734,110.92050170898438,1168800
2016-10-04,111.86000061035156,112.91999816894531,111.18000030517578,112.19000244140625,111.56690216064453,849100
2016-10-05,112.41000366210938,112.69999694824219,111.12999725341797,111.16999816894531,110.55257415771484,655100
2016-10-06,110.94999694824219,112.13999938964844,110.26000213623047,111.91000366210938,111.2884521484375,689200
2016-10-07,112.80000305175781,114.41999816894531,112.43000030517578,114.0,113.3668441772461,1182900
2016-10-10,114.41999816894531,115.4000015258789,113.81999969482422,113.97000122070312,113.3370132446289,1053400
2016-10-11,113.86000061035156,114.18000030517578,112.58999633789062,112.63999938964844,112.014404296875,837700
2016-10-12,112.9000015258789,112.9800033569336,111.44000244140625,111.45999908447266,110.8409652709961,867700
2016-10-13,110.36000061035156,111.87999725341797,108.93000030517578,111.30999755859375,110.6917724609375,777500
2016-10-14,111.94000244140625,112.04000091552734,109.88999938964844,110.33999633789062,109.7271728515625,569200
2016-10-17,110.6500015258789,111.27999877929688,109.77999877929688,110.44000244140625,109.82662200927734,721300
2016-10-18,111.61000061035156,111.70999908447266,110.16999816894531,110.22000122070312,109.60783386230469,681300
2016-10-19,110.83999633789062,111.94000244140625,110.29000091552734,111.33000183105469,110.71167755126953,843400
2016-10-20,110.56999969482422,110.93000030517578,109.91999816894531,110.51000213623047,109.8962173461914,462100
2016-10-21,109.36000061035156,109.61000061035156,108.70999908447266,109.36000061035156,108.75260162353516,645300
2016-10-24,109.47000122070312,110.47000122070312,108.47000122070312,108.7699966430664,108.16590118408203,685400
2016-10-25,107.2699966430664,107.2699966430664,105.06999969482422,105.52999877929688,104.94388580322266,1377900
2016-10-26,105.16000366210938,106.45999908447266,105.16000366210938,105.56999969482422,104.9836654663086,890700
2016-10-27,105.94999694824219,106.30000305175781,104.91999816894531,105.0999984741211,104.5162582397461,913400
2016-10-28,105.81999969482422,106.68000030517578,105.0,105.88999938964844,105.30187225341797,809300
2016-10-31,105.9000015258789,107.12000274658203,105.0999984741211,106.9800033569336,106.38583374023438,791300
2016-11-01,107.56999969482422,108.43000030517578,105.58999633789062,106.52999877929688,105.93832397460938,749400
2016-11-02,105.58999633789062,108.19999694824219,105.58999633789062,106.7300033569336,106.13722229003906,820400
2016-11-03,107.27999877929688,107.27999877929688,102.73999786376953,102.87000274658203,102.29866790771484,1123100
2016-11-04,103.04000091552734,106.33000183105469,102.80000305175781,104.31999969482422,103.74060821533203,962800
2016-11-07,106.02999877929688,107.95999908447266,105.72000122070312,107.69999694824219,107.10183715820312,802100
2016-11-08,107.52999877929688,107.97000122070312,106.47000122070312,107.11000061035156,106.5151138305664,875500
2016-11-09,105.45999908447266,107.45999908447266,102.29000091552734,107.05000305175781,106.45545959472656,2117000
2016-11-10,108.20999908447266,114.87999725341797,107.31999969482422,112.30000305175781,111.67630767822266,1714600
2016-11-11,111.41999816894531,112.29000091552734,110.5199966430664,112.08000183105469,111.45751190185547,982700
2016-11-14,112.41000366210938,113.75,105.48999786376953,105.68000030517578,105.09305572509766,2115400
2016-11-15,105.80000305175781,108.98999786376953,104.72000122070312,108.5999984741211,107.99683380126953,1274300
2016-11-16,107.83999633789062,109.0999984741211,107.45999908447266,108.0999984741211,107.49961853027344,836400
2016-11-17,109.26000213623047,110.3499984741211,107.94999694824219,110.12999725341797,109.5183334350586,730500
2016-11-18,109.9800033569336,110.23999786376953,106.26000213623047,106.37000274658203,105.77922058105469,701100
2016-11-21,106.91999816894531,108.9800033569336,106.91999816894531,107.95999908447266,107.39875793457031,769900
2016-11-22,108.4800033569336,108.93000030517578,107.66000366210938,108.44999694824219,107.88619995117188,702300
2016-11-23,108.31999969482422,109.94999694824219,108.31999969482422,109.0199966430664,108.4532470703125,490200
2016-11-25,109.58000183105469,110.2699966430664,108.31999969482422,108.69000244140625,108.1249771118164,319400
2016-11-28,108.37000274658203,108.73999786376953,107.47000122070312,108.06999969482422,107.50819396972656,582200
2016-11-29,108.12000274658203,109.16999816894531,105.4800033569336,106.02999877929688,105.47879791259766,1083700
2016-11-30,106.37000274658203,107.36000061035156,105.38999938964844,105.94000244140625,105.38926696777344,1469400
2016-12-01,105.0,110.97000122070312,104.80999755859375,107.98999786376953,107.4285888671875,2462900
2016-12-02,107.4800033569336,107.51000213623047,102.08000183105469,102.44999694824219,101.91741180419922,1956800
2016-12-05,103.2300033569336,107.11000061035156,102.80999755859375,106.95999908447266,106.4039535522461,1755200
2016-12-06,106.55000305175781,106.7300033569336,104.61000061035156,106.48999786376953,105.9364013671875,1124800
2016-12-07,106.61000061035156,111.38999938964844,106.61000061035156,111.36000061035156,110.78109741210938,1469700
2016-12-08,112.48999786376953,113.20999908447266,108.0,108.23999786376953,107.67731475830078,1625400
2016-12-09,108.16000366210938,108.3499984741211,106.48999786376953,106.5,105.94635772705078,1189200
2016-12-12,106.7300033569336,107.08999633789062,101.31999969482422,102.4000015258789,101.86766815185547,1697700
2016-12-13,102.8499984741211,103.4000015258789,101.55999755859375,102.01000213623047,101.47969818115234,1309100
2016-12-14,102.12000274658203,102.5,99.73999786376953,100.0199966430664,99.50004577636719,1216600
2016-12-15,99.8499984741211,99.86000061035156,93.11000061035156,93.94000244140625,93.45165252685547,4061300
2016-12-16,94.37000274658203,94.5,91.86000061035156,91.9800033569336,91.50184631347656,3736700
2016-12-19,92.06999969482422,92.88999938964844,90.54000091552734,91.70999908447266,91.23323059082031,1566400
2016-12-20,92.58999633789062,93.83000183105469,91.44000244140625,92.41999816894531,91.93954467773438,1588000
2016-12-21,92.01000213623047,92.62999725341797,91.2699966430664,92.5,92.01913452148438,1390100
2016-12-22,92.12999725341797,92.61000061035156,90.13999938964844,90.36000061035156,89.89026641845703,1070800
2016-12-23,90.77999877929688,91.98999786376953,89.80000305175781,90.04000091552734,89.5719223022461,744500
2016-12-27,90.19999694824219,91.23999786376953,90.02999877929688,90.47000122070312,89.99968719482422,561400
2016-12-28,90.48999786376953,90.7699966430664,89.51000213623047,90.01000213623047,89.54207611083984,684200
2016-12-29,90.3499984741211,91.33999633789062,90.01000213623047,90.87000274658203,90.3976058959961,873400
2016-12-30,90.7699966430664,91.30000305175781,89.55999755859375,90.23999786376953,89.77088928222656,742400
2017-01-03,90.95999908447266,91.7300033569336,90.3499984741211,90.9800033569336,90.50703430175781,964300
2017-01-04,91.54000091552734,93.83999633789062,91.54000091552734,91.97000122070312,91.49189758300781,1432500
2017-01-05,90.5999984741211,93.08000183105469,89.97000122070312,92.95999908447266,92.47673034667969,2209700
2017-01-06,92.69000244140625,93.22000122070312,91.52999877929688,92.86000061035156,92.37725067138672,1174000
2017-01-09,93.06999969482422,93.06999969482422,91.83000183105469,92.26000213623047,91.78036499023438,917300
2017-01-10,92.76000213623047,94.47000122070312,92.19000244140625,93.8499984741211,93.36210632324219,1417800
2017-01-11,93.37999725341797,93.98999786376953,91.31999969482422,92.38999938964844,91.90970611572266,1023500
2017-01-12,91.87000274658203,93.23999786376953,91.5999984741211,93.12999725341797,92.64585876464844,834900
2017-01-13,93.13999938964844,93.80000305175781,88.70999908447266,89.30999755859375,88.84571838378906,2137500
2017-01-17,90.41000366210938,96.5,90.33999633789062,94.83000183105469,94.33702850341797,2998300
2017-01-18,94.52999877929688,94.9800033569336,91.6500015258789,93.36000061035156,92.87466430664062,1361200
2017-01-19,93.02999877929688,93.69000244140625,90.94000244140625,91.56999969482422,91.09396362304688,945900
2017-01-20,91.91999816894531,93.20999908447266,91.41999816894531,92.81999969482422,92.33747100830078,988500
2017-01-23,92.3499984741211,93.2699966430664,91.41999816894531,92.19999694824219,91.7206802368164,864500
2017-01-24,92.55999755859375,94.02999877929688,92.16000366210938,93.19000244140625,92.70555114746094,733300
2017-01-25,94.06999969482422,94.97000122070312,93.58000183105469,94.80999755859375,94.31712341308594,742400
2017-01-26,95.11000061035156,95.5,93.2300033569336,93.30000305175781,92.81497955322266,649800
2017-01-27,93.55000305175781,93.97000122070312,90.0999984741211,90.30000305175781,89.83058166503906,1052200
2017-01-30,90.0999984741211,92.31999969482422,89.19000244140625,92.27999877929688,91.8002700805664,924200
2017-01-31,90.62000274658203,93.97000122070312,90.0999984741211,93.80999755859375,93.32233428955078,1283800
2017-02-01,93.25,93.30999755859375,89.6500015258789,89.87000274658203,89.40280151367188,1592300
2017-02-02,88.5999984741211,90.76000213623047,88.0999984741211,89.4000015258789,88.93525695800781,1075400
2017-02-03,88.95999908447266,88.95999908447266,86.16999816894531,87.56999969482422,87.1147689819336,1727600
2017-02-06,87.6500015258789,89.3499984741211,87.12999725341797,88.43000030517578,87.97028350830078,770300
2017-02-07,88.04000091552734,88.3499984741211,85.18000030517578,85.4800033569336,85.03561401367188,1850100
2017-02-08,85.68000030517578,87.20999908447266,84.52999877929688,87.19000244140625,86.73673248291016,2845800
2017-02-09,87.19000244140625,89.19000244140625,87.16000366210938,87.19000244140625,86.73673248291016,1368600
2017-02-10,88.08000183105469,90.33000183105469,87.70999908447266,90.12000274658203,89.65150451660156,1527600
2017-02-13,90.16999816894531,90.63999938964844,88.87000274658203,88.93000030517578,88.46769714355469,959600
2017-02-14,88.91000366210938,91.52999877929688,88.91000366210938,90.26000213623047,89.79078674316406,1123900
2017-02-15,89.98999786376953,90.44000244140625,89.33000183105469,89.86000061035156,89.39285278320312,957900
2017-02-16,90.25,90.29000091552734,88.05999755859375,88.37000274658203,87.91060638427734,909400
2017-02-17,88.19000244140625,90.6500015258789,88.19000244140625,90.31999969482422,89.8504638671875,1239100
2017-02-21,90.25,91.5199966430664,90.01000213623047,90.25,89.78082275390625,737700
2017-02-22,90.26000213623047,91.4800033569336,90.0199966430664,91.38999938964844,90.95319366455078,694100
2017-02-23,91.45999908447266,93.0,90.4800033569336,90.76000213623047,90.32621765136719,1585200
2017-02-24,90.72000122070312,93.31999969482422,89.98999786376953,91.56999969482422,91.13233184814453,2208000
2017-02-27,91.44000244140625,92.93000030517578,91.44000244140625,92.33000183105469,91.88870239257812,730300
2017-02-28,91.94000244140625,92.43000030517578,90.91999816894531,91.5999984741211,91.16218566894531,963200
2017-03-01,92.4800033569336,92.81999969482422,90.97000122070312,92.23999786376953,91.79911804199219,1134300
2017-03-02,92.05999755859375,92.37000274658203,90.95999908447266,91.91999816894531,91.48065948486328,1264100
2017-03-03,92.29000091552734,92.86000061035156,89.76000213623047,90.08999633789062,89.6594009399414,953000
2017-03-06,89.91000366210938,90.80000305175781,89.55000305175781,90.19999694824219,89.76888275146484,1333900
2017-03-07,89.56999969482422,90.33000183105469,88.88999938964844,89.75,89.32103729248047,685800
2017-03-08,90.16999816894531,91.7300033569336,89.83000183105469,91.38999938964844,90.95319366455078,654000
2017-03-09,91.19000244140625,91.83000183105469,90.5,91.13999938964844,90.70439910888672,653500
2017-03-10,91.58000183105469,92.37000274658203,90.93000030517578,91.12000274658203,90.68449401855469,824100
2017-03-13,91.5199966430664,91.9800033569336,90.05999755859375,90.93000030517578,90.49539947509766,787700
2017-03-14,91.19999694824219,92.33000183105469,91.11000061035156,91.5199966430664,91.08257293701172,753100
2017-03-15,92.12000274658203,92.80000305175781,90.72000122070312,92.38999938964844,91.94841766357422,1152100
2017-03-16,92.27999877929688,95.19000244140625,91.52999877929688,93.83000183105469,93.38153076171875,1365900
2017-03-17,94.36000061035156,95.0,93.0,94.6500015258789,94.19762420654297,1249500
2017-03-20,94.44999694824219,94.94999694824219,92.87000274658203,93.58000183105469,93.13273620605469,923800
2017-03-21,93.56999969482422,93.93000030517578,91.33999633789062,92.68000030517578,92.23702239990234,1373500
2017-03-22,92.38999938964844,92.5999984741211,89.5199966430664,90.8499984741211,90.41577911376953,2385800
2017-03-23,99.4000015258789,100.0,97.44999694824219,98.55000305175781,98.0789794921875,4915300
2017-03-24,100.16999816894531,102.11000061035156,98.87999725341797,100.94000244140625,100.45755004882812,2520500
2017-03-27,100.33999633789062,102.51000213623047,100.1500015258789,101.5,101.014892578125,1705900
2017-03-28,101.62999725341797,103.12000274658203,101.52999877929688,102.69000244140625,102.19918823242188,1056800
2017-03-29,101.81999969482422,104.27999877929688,101.1500015258789,103.83999633789062,103.34368896484375,1049100
2017-03-30,103.41999816894531,104.27999877929688,102.11000061035156,103.62000274658203,103.12474060058594,755900
2017-03-31,103.52999877929688,103.91000366210938,102.97000122070312,103.47000122070312,102.9754638671875,774500
2017-04-03,103.4800033569336,104.25,102.66999816894531,103.18000030517578,102.68685150146484,793700
2017-04-04,103.54000091552734,104.01000213623047,101.36000061035156,101.77999877929688,101.29353332519531,956500
2017-04-05,101.95999908447266,103.5999984741211,101.4800033569336,101.9800033569336,101.49258422851562,822300
2017-04-06,102.37999725341797,103.83999633789062,101.66999816894531,101.97000122070312,101.48263549804688,853900
2017-04-07,101.91999816894531,102.87000274658203,101.69999694824219,101.9000015258789,101.4129638671875,1326900
2017-04-10,102.02999877929688,103.70999908447266,101.55000305175781,101.63999938964844,101.15421295166016,781500
2017-04-11,101.69999694824219,101.83999633789062,100.66000366210938,101.36000061035156,100.87554931640625,851400
2017-04-12,101.2699966430664,101.8499984741211,100.81999969482422,101.20999908447266,100.72626495361328,973400
2017-04-13,101.41999816894531,101.95999908447266,99.47000122070312,99.80999755859375,99.33295440673828,1330000
2017-04-17,100.02999877929688,100.54000091552734,99.56999969482422,99.94000244140625,99.46233367919922,1117300
2017-04-18,99.5199966430664,100.56999969482422,99.0,99.5199966430664,99.0443344116211,886000
2017-04-19,99.94000244140625,100.48999786376953,99.33000183105469,99.44999694824219,98.97466278076172,811800
2017-04-20,100.0199966430664,101.55999755859375,99.81999969482422,101.41000366210938,100.92530822753906,1497000
2017-04-21,100.70999908447266,101.08999633789062,98.04000091552734,98.26000213623047,97.79036712646484,1521200
2017-04-24,100.0199966430664,102.94000244140625,99.94999694824219,102.30999755859375,101.82099914550781,1954900
2017-04-25,102.41999816894531,103.16999816894531,101.44000244140625,102.87000274658203,102.37832641601562,1098000
2017-04-26,103.0999984741211,104.72000122070312,102.80000305175781,103.44999694824219,102.95555877685547,867900
2017-04-27,103.41000366210938,103.9000015258789,102.38999938964844,103.0199966430664,102.52759552001953,702800
2017-04-28,102.79000091552734,102.79000091552734,100.22000122070312,101.02999877929688,100.54713439941406,826000
2017-05-01,101.0199966430664,101.61000061035156,99.83999633789062,100.08000183105469,99.60166931152344,506400
2017-05-02,100.70999908447266,101.62000274658203,100.2300033569336,101.5999984741211,101.1144027709961,754000
2017-05-03,101.41999816894531,101.86000061035156,99.8499984741211,100.91000366210938,100.42769622802734,714300
2017-05-04,101.51000213623047,101.80000305175781,100.2300033569336,101.16000366210938,100.6764907836914,789900
2017-05-05,101.16000366210938,103.0,101.11000061035156,102.5999984741211,102.10961151123047,734500
2017-05-08,103.30999755859375,103.4000015258789,102.22000122070312,102.38999938964844,101.90062713623047,527200
2017-05-09,102.81999969482422,103.44000244140625,102.30999755859375,102.76000213623047,102.26885986328125,957100
2017-05-10,102.27999877929688,103.44000244140625,101.31999969482422,103.30999755859375,102.81621551513672,750500
2017-05-11,101.9800033569336,102.66000366210938,99.94999694824219,100.93000030517578,100.44760131835938,1065000
2017-05-12,100.19000244140625,100.72000122070312,98.55999755859375,100.19000244140625,99.71113586425781,886100
2017-05-15,100.23999786376953,101.0,100.2300033569336,100.48999786376953,100.00971221923828,796100
2017-05-16,99.97000122070312,100.52999877929688,98.77999877929688,99.08999633789062,98.6536865234375,1188600
2017-05-17,99.08999633789062,99.1500015258789,97.37999725341797,97.47000122070312,97.04082489013672,1158900
2017-05-18,97.87000274658203,100.37000274658203,97.11000061035156,99.08999633789062,98.6536865234375,1498500
2017-05-19,99.12000274658203,101.06999969482422,96.8499984741211,100.41000366210938,99.9678955078125,1582500
2017-05-22,101.37000274658203,102.72000122070312,100.9800033569336,102.12000274658203,101.67036437988281,1456000
2017-05-23,103.0,104.5,102.08999633789062,102.37999725341797,101.92921447753906,1667300
2017-05-24,102.2300033569336,102.4000015258789,100.37000274658203,102.04000091552734,101.59070587158203,2285700
2017-05-25,107.58999633789062,109.01000213623047,105.94999694824219,106.9800033569336,106.50895690917969,3913400
2017-05-26,106.55999755859375,107.05000305175781,105.27999877929688,105.29000091552734,104.8263931274414,1337800
2017-05-30,106.25,107.01000213623047,105.02999877929688,105.58999633789062,105.12506866455078,1420500
2017-05-31,105.88999938964844,106.05999755859375,104.3499984741211,105.94999694824219,105.4834976196289,1278600
2017-06-01,106.04000091552734,107.56999969482422,105.73999786376953,106.20999908447266,105.74235534667969,983800
2017-06-02,106.43000030517578,106.69000244140625,105.05999755859375,105.95999908447266,105.49345397949219,672900
2017-06-05,105.73999786376953,105.9800033569336,104.55999755859375,105.20999908447266,104.74675750732422,1174200
2017-06-06,104.5199966430664,105.06999969482422,103.4800033569336,103.6500015258789,103.1936264038086,963100
2017-06-07,103.52999877929688,103.83000183105469,102.05000305175781,103.18000030517578,102.72569274902344,988500
2017-06-08,103.18000030517578,104.13999938964844,102.88999938964844,103.16000366210938,102.7057876586914,639000
2017-06-09,103.30000305175781,105.98999786376953,102.80999755859375,105.58999633789062,105.12506866455078,751900
2017-06-12,105.37000274658203,107.20999908447266,105.30000305175781,106.19999694824219,105.73238372802734,1115000
2017-06-13,106.2699966430664,106.2699966430664,105.12000274658203,105.61000061035156,105.14500427246094,752400
2017-06-14,106.05000305175781,106.58000183105469,105.26000213623047,106.43000030517578,105.96137237548828,694900
2017-06-15,104.91999816894531,105.91999816894531,104.76000213623047,105.66000366210938,105.19477081298828,711000
2017-06-16,105.4800033569336,105.73999786376953,104.68000030517578,105.12999725341797,104.66710662841797,980800
2017-06-19,105.26000213623047,105.80999755859375,104.33999633789062,105.72000122070312,105.25450134277344,611600
2017-06-20,105.5999984741211,105.5999984741211,104.51000213623047,104.88999938964844,104.42815399169922,769600
2017-06-21,104.52999877929688,105.26000213623047,104.47000122070312,105.06999969482422,104.60736083984375,826800
2017-06-22,105.5999984741211,110.12000274658203,105.58000183105469,109.06999969482422,108.58975219726562,1628400
2017-06-23,108.70999908447266,110.58999633789062,108.05999755859375,110.4800033569336,109.9935531616211,1386900
2017-06-26,111.05999755859375,112.80000305175781,111.05999755859375,112.33000183105469,111.83539581298828,1243600
2017-06-27,112.44000244140625,112.95999908447266,111.93000030517578,112.4800033569336,111.98474884033203,901600
2017-06-28,113.05000305175781,115.86000061035156,112.77999877929688,113.37000274658203,112.87084197998047,1227000
2017-06-29,113.5999984741211,114.5199966430664,112.73999786376953,113.77999877929688,113.27901458740234,1086400
2017-06-30,114.95999908447266,115.41999816894531,114.08999633789062,114.5,113.99584197998047,995400
2017-07-03,114.44999694824219,115.16999816894531,114.2300033569336,114.83999633789062,114.3343505859375,561500
2017-07-05,114.63999938964844,114.81999969482422,112.91000366210938,113.44999694824219,112.95047760009766,801600
2017-07-06,113.04000091552734,113.23999786376953,110.58999633789062,110.87999725341797,110.39178466796875,850000
2017-07-07,111.33999633789062,112.58000183105469,111.30999755859375,112.16999816894531,111.67610931396484,431300
2017-07-10,112.0,113.12999725341797,111.4800033569336,112.0,111.5068588256836,685100
2017-07-11,111.88999938964844,112.51000213623047,110.76000213623047,111.76000213623047,111.26791381835938,704400
2017-07-12,112.2699966430664,112.98999786376953,111.68000030517578,111.83000183105469,111.3376235961914,685700
2017-07-13,112.27999877929688,113.69999694824219,111.5199966430664,113.29000091552734,112.79116821289062,1037600
2017-07-14,113.66999816894531,113.69999694824219,112.05999755859375,112.55999755859375,112.06437683105469,568100
2017-07-17,112.94999694824219,114.51000213623047,112.73999786376953,113.61000061035156,113.1097640991211,545500
2017-07-18,113.69999694824219,114.12000274658203,112.16999816894531,112.94000244140625,112.44271850585938,550900
2017-07-19,113.30000305175781,114.27999877929688,112.77999877929688,114.06999969482422,113.56774139404297,444400
2017-07-20,114.38999938964844,116.19000244140625,113.80000305175781,115.75,115.24034118652344,858600
2017-07-21,115.87000274658203,117.66999816894531,115.37999725341797,116.9800033569336,116.46493530273438,714100
2017-07-24,117.23999786376953,117.23999786376953,116.06999969482422,116.5199966430664,116.00695037841797,658100
2017-07-25,116.76000213623047,119.72000122070312,116.2699966430664,118.7300033569336,118.20722198486328,765500
2017-07-26,118.7300033569336,118.9000015258789,117.51000213623047,118.41000366210938,117.88865661621094,560500
2017-07-27,118.51000213623047,119.95999908447266,118.19999694824219,119.16000366210938,118.63534545898438,629400
2017-07-28,119.27999877929688,120.48999786376953,118.56999969482422,119.94000244140625,119.4118881225586,914300
2017-07-31,119.94000244140625,119.94000244140625,118.16999816894531,119.29000091552734,118.76475524902344,696400
2017-08-01,119.41000366210938,120.13999938964844,118.44999694824219,120.01000213623047,119.48158264160156,475100
2017-08-02,119.69999694824219,120.98999786376953,119.41999816894531,119.7300033569336,119.20281219482422,557300
2017-08-03,120.0,121.61000061035156,119.61000061035156,121.2699966430664,120.73603820800781,654200
2017-08-04,121.30000305175781,122.75,121.30000305175781,122.0999984741211,121.56237030029297,760300
2017-08-07,123.04000091552734,124.94999694824219,122.13999938964844,124.08999633789062,123.54361724853516,675200
2017-08-08,125.83999633789062,126.11000061035156,124.08999633789062,124.30000305175781,123.752685546875,846000
2017-08-09,123.58000183105469,124.69999694824219,123.13999938964844,124.11000061035156,123.56352996826172,610200
2017-08-10,123.41999816894531,123.79000091552734,121.41999816894531,121.62999725341797,121.09443664550781,857000
2017-08-11,121.3499984741211,124.30999755859375,121.08999633789062,123.87999725341797,123.33454132080078,686300
2017-08-14,124.63999938964844,125.08999633789062,123.94999694824219,124.37000274658203,123.82239532470703,580100
2017-08-15,123.80999755859375,124.86000061035156,121.73999786376953,123.37999725341797,122.83675384521484,806600
2017-08-16,123.48999786376953,124.63999938964844,122.98999786376953,124.16000366210938,123.61332702636719,634700
2017-08-17,124.0,124.83000183105469,122.23999786376953,122.30000305175781,121.76151275634766,1150300
2017-08-18,121.5,121.51000213623047,119.06999969482422,121.05000305175781,120.51700592041016,1128500
2017-08-21,120.80999755859375,120.94000244140625,119.22000122070312,120.05999755859375,119.53136444091797,898800
2017-08-22,120.38999938964844,121.41999816894531,119.16999816894531,120.31999969482422,119.82814025878906,1097700
2017-08-23,120.3499984741211,120.91999816894531,118.66000366210938,120.04000091552734,119.54928588867188,1583200
2017-08-24,128.0,130.25,122.0,126.91999816894531,126.40117645263672,3806400
2017-08-25,127.52999877929688,129.27999877929688,124.13999938964844,125.9000015258789,125.3853530883789,1507700
2017-08-28,126.11000061035156,126.41999816894531,124.58999633789062,126.2300033569336,125.71399688720703,1043600
2017-08-29,125.87000274658203,127.08999633789062,123.77999877929688,126.62000274658203,126.10240173339844,909800
2017-08-30,126.52999877929688,127.91999816894531,125.95999908447266,126.04000091552734,125.5247573852539,735700
2017-08-31,126.55000305175781,126.83000183105469,125.3499984741211,125.88999938964844,125.37537384033203,602200
2017-09-01,126.19000244140625,126.87000274658203,125.27999877929688,126.52999877929688,126.01275634765625,498700
2017-09-05,126.87999725341797,128.75,126.55000305175781,128.5,127.97470092773438,1033300
2017-09-06,129.52000427246094,130.75,128.6199951171875,129.11000061035156,128.5822296142578,881000
2017-09-07,129.5399932861328,130.0800018310547,128.3699951171875,128.69000244140625,128.1639404296875,975400
2017-09-08,128.57000732421875,128.57000732421875,127.33999633789062,127.76000213623047,127.23773193359375,648400
2017-09-11,128.41000366210938,130.14999389648438,128.11000061035156,129.60000610351562,129.0702362060547,752100
2017-09-12,129.8800048828125,130.24000549316406,127.83000183105469,128.08999633789062,127.56637573242188,645600
2017-09-13,128.1999969482422,129.1300048828125,126.55999755859375,127.43000030517578,126.9090805053711,765800
2017-09-14,127.31999969482422,127.31999969482422,123.77999877929688,126.43000030517578,125.91317749023438,822200
2017-09-15,127.12999725341797,128.5800018310547,126.58999633789062,128.10000610351562,127.57634735107422,1186800
2017-09-18,128.60000610351562,128.63999938964844,127.66000366210938,128.00999450683594,127.48670959472656,932100
2017-09-19,128.0800018310547,128.6999969482422,126.5,127.47000122070312,126.94891357421875,759600
2017-09-20,127.76000213623047,128.13999938964844,125.97000122070312,126.68000030517578,126.16214752197266,803300
2017-09-21,126.69000244140625,127.0999984741211,125.69000244140625,125.8499984741211,125.33554077148438,496600
2017-09-22,125.97000122070312,126.20999908447266,125.44000244140625,126.06999969482422,125.55464935302734,433000
2017-09-25,125.5999984741211,126.95999908447266,124.91000366210938,125.12000274658203,124.60852813720703,611300
2017-09-26,125.30000305175781,127.36000061035156,125.0199966430664,126.70999908447266,126.19203186035156,786500
2017-09-27,126.45999908447266,126.93000030517578,124.87999725341797,126.36000061035156,125.84346771240234,837100
2017-09-28,126.20999908447266,126.20999908447266,124.19000244140625,125.5199966430664,125.00688934326172,869800
2017-09-29,125.66000366210938,126.61000061035156,125.18000030517578,126.05999755859375,125.54468536376953,512200
2017-10-02,125.91999816894531,127.01000213623047,124.68000030517578,127.0,126.4808349609375,504300
2017-10-03,127.0,127.0,125.63999938964844,126.2699966430664,125.75382232666016,1220300
2017-10-04,126.31999969482422,127.91999816894531,126.1500015258789,127.29000091552734,126.76966094970703,719400
2017-10-05,127.19999694824219,127.73999786376953,126.01000213623047,127.31999969482422,126.7995376586914,909300
2017-10-06,127.18000030517578,127.55999755859375,126.23999786376953,127.52999877929688,127.0086669921875,652100
2017-10-09,127.58000183105469,127.62000274658203,124.43000030517578,125.02999877929688,124.51889038085938,641000
2017-10-10,125.06999969482422,126.31999969482422,124.73999786376953,126.04000091552734,125.5247573852539,643400
2017-10-11,125.97000122070312,126.45999908447266,124.83000183105469,126.20999908447266,125.69408416748047,769600
2017-10-12,125.77999877929688,125.77999877929688,124.12999725341797,124.80000305175781,124.28984069824219,652700
2017-10-13,124.8499984741211,127.18000030517578,124.08999633789062,124.94000244140625,124.42927551269531,711300
2017-10-16,124.88999938964844,125.36000061035156,123.6500015258789,124.66999816894531,124.16036224365234,775000
2017-10-17,124.16999816894531,125.33999633789062,123.97000122070312,124.16000366210938,123.65245819091797,575200
2017-10-18,124.7300033569336,125.2699966430664,123.98999786376953,124.36000061035156,123.85163116455078,480700
2017-10-19,124.16000366210938,126.12999725341797,123.81999969482422,125.73999786376953,125.22599792480469,634400
2017-10-20,126.33999633789062,128.67999267578125,126.22000122070312,128.30999755859375,127.78546142578125,980100
2017-10-23,128.85000610351562,133.24000549316406,128.72999572753906,129.67999267578125,129.14988708496094,1051100
2017-10-24,129.22999572753906,130.1199951171875,129.1199951171875,129.6199951171875,129.0901336669922,607700
2017-10-25,129.60000610351562,130.1999969482422,128.55999755859375,130.0,129.4685821533203,536400
2017-10-26,130.1300048828125,130.72999572753906,129.02000427246094,129.0399932861328,128.51248168945312,467900
2017-10-27,128.5399932861328,128.57000732421875,126.9000015258789,127.05000305175781,126.53064727783203,692400
2017-10-30,126.26000213623047,127.5,125.43000030517578,127.36000061035156,126.83937072753906,676100
2017-10-31,126.91999816894531,127.27999877929688,126.11000061035156,126.80999755859375,126.29161071777344,536400
2017-11-01,127.37000274658203,129.9199981689453,126.91000366210938,127.91000366210938,127.38713836669922,717200
2017-11-02,129.02000427246094,129.2899932861328,126.51000213623047,127.55999755859375,127.03854370117188,706200
2017-11-03,127.23999786376953,128.50999450683594,126.5199966430664,126.87999725341797,126.36132049560547,721300
2017-11-06,127.37000274658203,129.38999938964844,127.04000091552734,127.38999938964844,126.86925506591797,374100
2017-11-07,127.44000244140625,127.44000244140625,122.30999755859375,122.73999786376953,122.23824310302734,921300
2017-11-08,122.44999694824219,124.61000061035156,120.91000366210938,123.56999969482422,123.06488037109375,898300
2017-11-09,123.22000122070312,126.11000061035156,123.0,124.87000274658203,124.35954284667969,776600
2017-11-10,125.0199966430664,127.62000274658203,125.0199966430664,127.47000122070312,126.94891357421875,1009400
2017-11-13,127.2300033569336,127.75,125.83999633789062,127.47000122070312,126.94891357421875,508300
2017-11-14,126.7300033569336,127.37999725341797,125.41999816894531,126.83000183105469,126.3115463256836,491100
2017-11-15,126.86000061035156,127.43000030517578,125.44000244140625,126.87999725341797,126.36132049560547,798300
2017-11-16,126.87000274658203,130.25999450683594,125.9800033569336,129.94000244140625,129.4088134765625,684500
2017-11-17,130.6699981689453,133.47000122070312,130.41000366210938,133.1199951171875,132.57582092285156,1301500
2017-11-20,133.6699981689453,136.39999389648438,133.1699981689453,136.3699951171875,135.8125457763672,996500
2017-11-21,136.41000366210938,136.83999633789062,135.3699951171875,136.11000061035156,135.5913848876953,812300
2017-11-22,135.89999389648438,136.1199951171875,134.72999572753906,135.27000427246094,134.7545623779297,915700
2017-11-24,136.25,136.75999450683594,135.36000061035156,135.47000122070312,134.95382690429688,249400
2017-11-27,135.47999572753906,137.10000610351562,134.8300018310547,135.24000549316406,134.72470092773438,935600
2017-11-28,135.3000030517578,138.66000366210938,135.3000030517578,137.55999755859375,137.03585815429688,1021100
2017-11-29,138.42999267578125,139.50999450683594,136.4600067138672,137.13999938964844,136.61744689941406,1385700
2017-11-30,137.0,138.5,132.52000427246094,134.5500030517578,134.03732299804688,2410500
2017-12-01,135.17999267578125,138.11000061035156,133.6300048828125,137.30999755859375,136.7867889404297,1347300
2017-12-04,137.82000732421875,138.27000427246094,134.27000427246094,134.27999877929688,133.7683563232422,1691800
2017-12-05,134.75999450683594,134.80999755859375,131.77000427246094,133.60000610351562,133.09092712402344,1512900
2017-12-06,133.89999389648438,134.13999938964844,132.0,133.27999877929688,132.7721710205078,814300
2017-12-07,133.00999450683594,134.13999938964844,132.60000610351562,133.72999572753906,133.22044372558594,668500
2017-12-08,134.19000244140625,135.41000366210938,133.63999938964844,135.39999389648438,134.88406372070312,554200
2017-12-11,134.9499969482422,135.72000122070312,133.5800018310547,134.55999755859375,134.0472869873047,537200
2017-12-12,134.72999572753906,134.9499969482422,132.61000061035156,132.94000244140625,132.43345642089844,781100
2017-12-13,132.75,134.3000030517578,132.60000610351562,132.61000061035156,132.10470581054688,791400
2017-12-14,133.38999938964844,133.44000244140625,130.80999755859375,131.69000244140625,131.188232421875,981600
2017-12-15,132.6300048828125,134.5800018310547,132.61000061035156,134.0399932861328,133.52926635742188,987700
2017-12-18,134.36000061035156,137.85000610351562,133.8699951171875,136.30999755859375,135.7906036376953,963400
2017-12-19,137.0500030517578,137.91000366210938,135.94000244140625,136.60000610351562,136.07952880859375,1020400
2017-12-20,137.47000122070312,137.47000122070312,135.4199981689453,135.6199951171875,135.10325622558594,530300
2017-12-21,135.69000244140625,136.8800048828125,134.9499969482422,135.61000061035156,135.0933074951172,673900
2017-12-22,136.17999267578125,136.32000732421875,134.63999938964844,135.60000610351562,135.0833282470703,767700
2017-12-26,135.39999389648438,136.82000732421875,135.39999389648438,136.52000427246094,135.9998321533203,342100
2017-12-27,136.92999267578125,137.16000366210938,135.88999938964844,136.6699981689453,136.1492462158203,407900
2017-12-28,136.77000427246094,137.1300048828125,135.86000061035156,136.91000366210938,136.38832092285156,469100
2017-12-29,137.7899932861328,138.6999969482422,137.08999633789062,137.2100067138672,136.68719482421875,628000
2018-01-02,137.58999633789062,139.3800048828125,137.27000427246094,138.97000122070312,138.44049072265625,638300
2018-01-03,139.36000061035156,139.75999450683594,137.92999267578125,139.2100067138672,138.67958068847656,855200
2018-01-04,139.19000244140625,142.6999969482422,137.8000030517578,141.4199981689453,140.88111877441406,1033300
2018-01-05,141.32000732421875,143.6999969482422,140.10000610351562,143.08999633789062,142.54476928710938,1099800
2018-01-08,143.10000610351562,143.6300048828125,140.4199981689453,142.74000549316406,142.1961212158203,821800
2018-01-09,142.00999450683594,142.80999755859375,140.5399932861328,141.16000366210938,140.62216186523438,414300
2018-01-10,140.8800048828125,141.1999969482422,139.14999389648438,140.94000244140625,140.40298461914062,581500
2018-01-11,141.0500030517578,142.6300048828125,140.19000244140625,142.5800018310547,142.0367431640625,490000
2018-01-12,143.0,144.8300018310547,142.58999633789062,143.6300048828125,143.08273315429688,488800
2018-01-16,144.14999389648438,144.14999389648438,141.0800018310547,141.39999389648438,140.86122131347656,518900
2018-01-17,141.9499969482422,143.22999572753906,140.86000061035156,142.49000549316406,141.9470672607422,510800
2018-01-18,147.33999633789062,148.2899932861328,143.7899932861328,144.6999969482422,144.14865112304688,640900
2018-01-19,145.52999877929688,147.19000244140625,144.97999572753906,147.07000732421875,146.50962829589844,568700
2018-01-22,147.05999755859375,148.6699981689453,145.89999389648438,148.35000610351562,147.78475952148438,589000
2018-01-23,148.05999755859375,151.36000061035156,147.11000061035156,151.0800018310547,150.50436401367188,665900
2018-01-24,151.6300048828125,153.74000549316406,150.74000549316406,151.33999633789062,150.76333618164062,628800
2018-01-25,152.38999938964844,155.63999938964844,151.02999877929688,152.7100067138672,152.12815856933594,926400
2018-01-26,153.5800018310547,154.0500030517578,150.88999938964844,153.83999633789062,153.2538299560547,708300
2018-01-29,152.99000549316406,157.22000122070312,152.99000549316406,155.16000366210938,154.56878662109375,680900
2018-01-30,154.85000610351562,157.9600067138672,153.6300048828125,156.25,155.65464782714844,729600
2018-01-31,156.3699951171875,157.8000030517578,154.5800018310547,155.0800018310547,154.48910522460938,716000
2018-02-01,153.0,155.66000366210938,152.08999633789062,154.1699981689453,153.58258056640625,695400
2018-02-02,153.30999755859375,154.47999572753906,150.47000122070312,151.07000732421875,150.494384765625,592800
2018-02-05,150.49000549316406,152.58999633789062,146.25,146.25,145.69276428222656,840800
2018-02-06,143.05999755859375,147.67999267578125,141.05999755859375,146.92999267578125,146.3701629638672,1385300
2018-02-07,152.8000030517578,152.8000030517578,149.02999877929688,149.2100067138672,148.6414794921875,784600
2018-02-08,148.3699951171875,148.5500030517578,142.5800018310547,142.67999267578125,142.13633728027344,908700
2018-02-09,143.6699981689453,145.3000030517578,139.42999267578125,144.08999633789062,143.5409698486328,986100
2018-02-12,144.44000244140625,148.2899932861328,144.44000244140625,146.77999877929688,146.22071838378906,697600
2018-02-13,146.22000122070312,147.88999938964844,146.07000732421875,146.97999572753906,146.41995239257812,411900
2018-02-14,146.16000366210938,151.3800048828125,146.05999755859375,150.66000366210938,150.08595275878906,1395100
2018-02-15,150.77999877929688,151.5500030517578,148.0399932861328,151.5500030517578,150.9725341796875,751600
2018-02-16,150.1999969482422,150.27000427246094,147.27000427246094,148.5500030517578,147.98399353027344,659800
2018-02-20,147.3300018310547,147.75,145.94000244140625,146.67999267578125,146.12110900878906,581900
2018-02-21,146.64999389648438,150.8800048828125,146.64999389648438,148.05999755859375,147.49586486816406,405600
2018-02-22,148.89999389648438,150.75,148.55999755859375,149.33999633789062,148.77096557617188,545600
2018-02-23,149.9600067138672,149.97999572753906,147.6999969482422,148.86000061035156,148.29283142089844,760000
2018-02-26,149.42999267578125,150.55999755859375,147.75999450683594,149.55999755859375,148.99009704589844,542000
2018-02-27,150.5800018310547,152.1300048828125,147.5500030517578,147.72000122070312,147.1945343017578,898100
2018-02-28,148.1699981689453,149.00999450683594,144.1699981689453,144.27999877929688,143.76678466796875,1021700
2018-03-01,143.88999938964844,145.00999450683594,141.19000244140625,142.64999389648438,142.14254760742188,1183400
2018-03-02,141.8699951171875,143.80999755859375,139.52000427246094,143.6199951171875,143.109130859375,947900
2018-03-05,142.7899932861328,144.14999389648438,141.05999755859375,143.6300048828125,143.1190948486328,898700
2018-03-06,143.99000549316406,144.4199981689453,142.55999755859375,143.0,142.4913330078125,888700
2018-03-07,141.8800048828125,143.07000732421875,139.10000610351562,140.49000549316406,139.9902801513672,1388200
2018-03-08,141.5399932861328,142.9499969482422,139.8000030517578,140.25999450683594,139.76107788085938,1024700
2018-03-09,140.8300018310547,143.17999267578125,140.49000549316406,143.07000732421875,142.5610809326172,836400
2018-03-12,143.05999755859375,144.50999450683594,142.60000610351562,143.32000732421875,142.81021118164062,576400
2018-03-13,144.41000366210938,144.86000061035156,142.66000366210938,143.33999633789062,142.8301239013672,509700
2018-03-14,144.1300048828125,144.5500030517578,142.58999633789062,143.6699981689453,143.15896606445312,1550300
2018-03-15,144.36000061035156,144.36000061035156,141.10000610351562,142.3800048828125,141.87353515625,600400
2018-03-16,142.6300048828125,144.9600067138672,142.6300048828125,143.77000427246094,143.2585906982422,835300
2018-03-19,143.72000122070312,144.77000427246094,141.25,142.57000732421875,142.06285095214844,777200
2018-03-20,142.6999969482422,145.67999267578125,142.08999633789062,144.77999877929688,144.26498413085938,619300
2018-03-21,144.67999267578125,145.77999877929688,142.9499969482422,143.0,142.4913330078125,638700
2018-03-22,142.25999450683594,143.25999450683594,141.2899932861328,141.4499969482422,140.94683837890625,611100
2018-03-23,142.22000122070312,143.99000549316406,139.72999572753906,139.86000061035156,139.36253356933594,575800
2018-03-26,144.17999267578125,146.41000366210938,140.92999267578125,145.25,144.7333221435547,1044400
2018-03-27,145.0,145.72000122070312,142.38999938964844,143.16000366210938,142.65077209472656,993700
2018-03-28,144.3000030517578,145.72000122070312,143.19000244140625,144.02000427246094,143.50772094726562,1846500
2018-03-29,151.9499969482422,154.74000549316406,150.0,151.42999267578125,150.891357421875,2752900
2018-04-02,151.6300048828125,153.85000610351562,149.80999755859375,150.9199981689453,150.3831787109375,1747600
2018-04-03,151.52999877929688,155.47999572753906,150.97999572753906,155.16000366210938,154.60809326171875,1524100
2018-04-04,154.0,155.8800048828125,153.33999633789062,155.41000366210938,154.85720825195312,1111000
2018-04-05,155.8699951171875,160.22000122070312,155.61000061035156,159.50999450683594,158.942626953125,1225200
2018-04-06,158.36000061035156,159.97000122070312,155.25999450683594,156.72999572753906,156.17250061035156,1240700
2018-04-09,158.0,158.85000610351562,155.5,155.58999633789062,155.0365447998047,930800
2018-04-10,157.0,158.6300048828125,155.86000061035156,157.9499969482422,157.38815307617188,973600
2018-04-11,156.67999267578125,159.42999267578125,156.67999267578125,158.00999450683594,157.4479522705078,765700
2018-04-12,159.36000061035156,162.7899932861328,159.0,162.25,161.67286682128906,1079800
2018-04-13,163.50999450683594,163.5800018310547,157.5500030517578,159.1300048828125,158.56396484375,1093700
2018-04-16,160.47999572753906,161.6999969482422,159.38999938964844,160.42999267578125,159.8593292236328,1303400
2018-04-17,161.16000366210938,161.97000122070312,160.0,161.27000427246094,160.6963653564453,1708800
2018-04-18,162.19000244140625,163.77999877929688,160.61000061035156,161.00999450683594,160.437255859375,931500
2018-04-19,160.83999633789062,161.64999389648438,159.66000366210938,160.36000061035156,159.78958129882812,630600
2018-04-20,159.9199981689453,160.60000610351562,158.82000732421875,159.47999572753906,158.91270446777344,843300
2018-04-23,160.08999633789062,161.9600067138672,159.74000549316406,160.25999450683594,159.68995666503906,659200
2018-04-24,161.22999572753906,161.97999572753906,159.32000732421875,159.8300018310547,159.261474609375,743500
2018-04-25,159.58999633789062,161.0800018310547,158.2899932861328,158.77000427246094,158.20526123046875,634700
2018-04-26,158.50999450683594,160.91000366210938,157.3800048828125,160.58999633789062,160.0187530517578,526300
2018-04-27,160.61000061035156,162.33999633789062,159.97999572753906,160.50999450683594,159.93905639648438,601200
2018-04-30,160.92999267578125,161.44000244140625,159.6699981689453,159.6699981689453,159.10203552246094,618700
2018-05-01,158.75,159.55999755859375,155.0,155.36000061035156,154.80735778808594,973200
2018-05-02,154.36000061035156,154.97999572753906,150.8800048828125,152.25999450683594,151.7183837890625,1476300
2018-05-03,151.10000610351562,152.5800018310547,150.25,151.4600067138672,150.92124938964844,1084300
2018-05-04,151.30999755859375,152.8300018310547,149.14999389648438,152.27000427246094,151.72837829589844,1027200
2018-05-07,152.1699981689453,152.57000732421875,149.75999450683594,151.52000427246094,150.9810333251953,837500
2018-05-08,151.66000366210938,152.61000061035156,150.6999969482422,151.7100067138672,151.17034912109375,850400
2018-05-09,151.7100067138672,153.33999633789062,151.3699951171875,153.05999755859375,152.5155487060547,750100
2018-05-10,153.4499969482422,153.97999572753906,151.9499969482422,153.0,152.4557647705078,722000
2018-05-11,153.25,153.89999389648438,152.4600067138672,153.19000244140625,152.64508056640625,492400
2018-05-14,153.52000427246094,155.27999877929688,152.9199981689453,154.32000732421875,153.7710723876953,760600
2018-05-15,153.91000366210938,156.11000061035156,153.0500030517578,154.61000061035156,154.06004333496094,605300
2018-05-16,155.0,156.6300048828125,154.0399932861328,155.2100067138672,154.69593811035156,759500
2018-05-17,154.63999938964844,158.25,154.02000427246094,156.24000549316406,155.72251892089844,1037800
2018-05-18,155.49000549316406,155.88999938964844,153.9600067138672,155.11000061035156,154.59625244140625,607000
2018-05-21,155.52999877929688,156.4600067138672,154.30999755859375,154.5399932861328,154.0281219482422,718200
2018-05-22,155.39999389648438,155.8800048828125,153.92999267578125,154.6199951171875,154.10784912109375,970000
2018-05-23,154.3800048828125,158.9199981689453,154.22999572753906,158.0399932861328,157.51654052734375,1017400
2018-05-24,157.60000610351562,159.05999755859375,156.86000061035156,158.5399932861328,158.01487731933594,592700
2018-05-25,157.9600067138672,158.8699951171875,157.25,157.82000732421875,157.2972869873047,565900
2018-05-29,156.64999389648438,157.39999389648438,154.77000427246094,155.11000061035156,154.59625244140625,1276500
2018-05-30,156.0,157.00999450683594,155.3699951171875,155.5,154.98497009277344,2218100
2018-05-31,155.75,160.4600067138672,155.0399932861328,160.0,159.47006225585938,2821700
2018-06-01,162.0,162.49000549316406,157.72000122070312,158.9600067138672,158.43350219726562,1283700
2018-06-04,159.10000610351562,159.8300018310547,157.25999450683594,159.8300018310547,159.30062866210938,911300
2018-06-05,159.85000610351562,161.19000244140625,158.8000030517578,160.9600067138672,160.4268798828125,947400
2018-06-06,161.5399932861328,164.5,160.6999969482422,164.39999389648438,163.85546875,1124400
2018-06-07,165.0,167.6999969482422,164.60000610351562,165.11000061035156,164.56312561035156,969700
2018-06-08,165.0,168.27000427246094,164.25999450683594,168.16000366210938,167.60302734375,837200
2018-06-11,168.52000427246094,169.22000122070312,166.3800048828125,166.5,165.94851684570312,562200
2018-06-12,166.4499969482422,167.41000366210938,165.55999755859375,166.2100067138672,165.6595001220703,677500
2018-06-13,165.92999267578125,166.41000366210938,162.0,162.3000030517578,161.762451171875,878100
2018-06-14,162.44000244140625,162.44000244140625,159.97999572753906,160.24000549316406,159.7092742919922,1107200
2018-06-15,159.72999572753906,161.60000610351562,159.57000732421875,161.41000366210938,160.8754119873047,987900
2018-06-18,160.61000061035156,164.00999450683594,160.4600067138672,163.61000061035156,163.06809997558594,758400
2018-06-19,161.67999267578125,162.4600067138672,159.5,160.38999938964844,159.85874938964844,985500
2018-06-20,160.4499969482422,160.74000549316406,156.63999938964844,157.35000610351562,156.82882690429688,931100
2018-06-21,157.13999938964844,157.50999450683594,154.02000427246094,154.39999389648438,153.88861083984375,1089800
2018-06-22,155.22999572753906,155.24000549316406,152.02999877929688,152.0800018310547,151.57627868652344,1493300
2018-06-25,150.6999969482422,150.97999572753906,148.8000030517578,149.75,149.25399780273438,1244400
2018-06-26,151.5,155.0,151.47999572753906,153.8300018310547,153.32049560546875,1597300
2018-06-27,153.41000366210938,155.66000366210938,150.8699951171875,151.6999969482422,151.1975555419922,1049100
2018-06-28,150.6300048828125,151.97999572753906,149.3300018310547,151.3699951171875,150.86863708496094,878900
2018-06-29,152.22999572753906,154.75999450683594,149.63999938964844,149.72000122070312,149.22410583496094,960700
2018-07-02,148.2899932861328,148.6699981689453,146.72999572753906,148.52999877929688,148.0380401611328,828300
2018-07-03,148.52999877929688,148.9499969482422,145.63999938964844,145.8699951171875,145.3868408203125,511400
2018-07-05,146.91000366210938,147.32000732421875,144.47000122070312,145.82000732421875,145.33702087402344,1009100
2018-07-06,145.64999389648438,147.66000366210938,145.5399932861328,146.4199981689453,145.9350128173828,618700
2018-07-09,146.49000549316406,150.11000061035156,146.49000549316406,149.66000366210938,149.16429138183594,1199800
2018-07-10,149.9199981689453,151.47999572753906,149.0,151.30999755859375,150.808837890625,996100
2018-07-11,149.8000030517578,149.99000549316406,147.07000732421875,147.6199951171875,147.1310577392578,1097800
2018-07-12,148.42999267578125,148.9600067138672,147.86000061035156,148.2100067138672,147.7191162109375,717000
2018-07-13,148.1199951171875,149.86000061035156,147.42999267578125,148.27000427246094,147.77891540527344,471700
2018-07-16,148.49000549316406,149.44000244140625,147.89999389648438,148.0,147.50979614257812,927300
2018-07-17,148.25,152.32000732421875,148.25,151.49000549316406,150.98825073242188,1281300
2018-07-18,150.7899932861328,152.1199951171875,150.33999633789062,151.77999877929688,151.27728271484375,846000
2018-07-19,151.8300018310547,154.24000549316406,151.44000244140625,153.5500030517578,153.04139709472656,734600
2018-07-20,154.0,156.39999389648438,153.5399932861328,154.47000122070312,153.95838928222656,977700
2018-07-23,155.3699951171875,156.5800018310547,154.22999572753906,155.3699951171875,154.85537719726562,1065600
2018-07-24,155.27999877929688,156.3699951171875,153.52000427246094,153.97999572753906,153.46998596191406,1028800
2018-07-25,153.5500030517578,157.0399932861328,153.5500030517578,156.99000549316406,156.47003173828125,709300
2018-07-26,157.3699951171875,159.83999633789062,156.22000122070312,157.5,156.9783477783203,973000
2018-07-27,157.60000610351562,158.02999877929688,153.17999267578125,154.0800018310547,153.56967163085938,518300
2018-07-30,153.52999877929688,154.1699981689453,152.36000061035156,153.3000030517578,152.79226684570312,724400
2018-07-31,155.0,155.85000610351562,151.72000122070312,153.52000427246094,153.0115203857422,839800
2018-08-01,152.91000366210938,154.41000366210938,150.00999450683594,150.1699981689453,149.672607421875,668500
2018-08-02,149.16000366210938,150.86000061035156,147.4199981689453,150.7899932861328,150.29055786132812,730400
2018-08-03,150.7100067138672,151.69000244140625,150.25,150.85000610351562,150.350341796875,479000
2018-08-06,150.47000122070312,152.6699981689453,149.33999633789062,152.0500030517578,151.54640197753906,657300
2018-08-07,152.72999572753906,154.1699981689453,152.08999633789062,153.72999572753906,153.22080993652344,635700
2018-08-08,154.17999267578125,154.97999572753906,153.5399932861328,154.11000061035156,153.59957885742188,489500
2018-08-09,154.1300048828125,157.6300048828125,153.2899932861328,156.17999267578125,155.66270446777344,652800
2018-08-10,154.9499969482422,155.97999572753906,153.25999450683594,153.74000549316406,153.23080444335938,789800
2018-08-13,154.49000549316406,154.5,152.5,153.24000549316406,152.73245239257812,433000
2018-08-14,152.9199981689453,154.2100067138672,151.8699951171875,154.02000427246094,153.50985717773438,726800
2018-08-15,153.3800048828125,153.3800048828125,147.5399932861328,148.5399932861328,148.0480194091797,724300
2018-08-16,149.02000427246094,149.75999450683594,147.7100067138672,148.25,147.7589874267578,610800
2018-08-17,148.58999633789062,150.08999633789062,147.88999938964844,149.19000244140625,148.6958770751953,816800
2018-08-20,150.27999877929688,151.77000427246094,149.86000061035156,151.55999755859375,151.05799865722656,846400
2018-08-21,152.22000122070312,153.99000549316406,151.69000244140625,152.5500030517578,152.04473876953125,1132300
2018-08-22,152.1300048828125,156.33999633789062,152.1300048828125,154.69000244140625,154.1776580810547,1137600
2018-08-23,154.4199981689453,156.08999633789062,153.5399932861328,153.97999572753906,153.46998596191406,873400
2018-08-24,153.8800048828125,154.83999633789062,151.61000061035156,154.52999877929688,154.01815795898438,919300
2018-08-27,155.6199951171875,156.58999633789062,153.69000244140625,154.66000366210938,154.1477508544922,897300
2018-08-28,155.33999633789062,157.1999969482422,153.69000244140625,155.94000244140625,155.46170043945312,1026500
2018-08-29,155.27999877929688,157.11000061035156,153.05999755859375,156.6699981689453,156.189453125,1989300
2018-08-30,156.0,156.47000122070312,141.0,141.6699981689453,141.23545837402344,5233600
2018-08-31,142.2899932861328,144.30999755859375,140.25,143.16000366210938,142.7209014892578,2709000
2018-09-04,142.35000610351562,143.0800018310547,136.3000030517578,136.42999267578125,136.0115203857422,2526600
2018-09-05,136.27999877929688,137.27999877929688,134.7899932861328,136.94000244140625,136.5199737548828,2004700
2018-09-06,137.72999572753906,140.4600067138672,136.22000122070312,136.39999389648438,135.9816436767578,1908300
2018-09-07,135.5399932861328,136.07000732421875,131.60000610351562,132.5500030517578,132.14344787597656,2113400
2018-09-10,132.8300018310547,136.82000732421875,132.77999877929688,136.55999755859375,136.14112854003906,1599000
2018-09-11,136.35000610351562,138.42999267578125,135.33999633789062,138.32000732421875,137.895751953125,1617400
2018-09-12,138.2100067138672,139.85000610351562,137.6199951171875,139.58999633789062,139.16183471679688,1109200
2018-09-13,140.16000366210938,141.5500030517578,139.24000549316406,139.67999267578125,139.25155639648438,905600
2018-09-14,139.99000549316406,140.83999633789062,138.0,139.5399932861328,139.11196899414062,1093700
2018-09-17,139.11000061035156,139.6999969482422,138.02999877929688,138.61000061035156,138.18484497070312,950200
2018-09-18,138.69000244140625,139.58999633789062,137.22999572753906,137.8000030517578,137.37734985351562,1069100
2018-09-19,138.52999877929688,139.1199951171875,137.02000427246094,139.0500030517578,138.6234893798828,1040000
2018-09-20,141.2100067138672,142.9199981689453,140.22999572753906,142.57000732421875,142.13270568847656,1350800
2018-09-21,143.69000244140625,143.69000244140625,141.07000732421875,141.6199951171875,141.1856231689453,1465100
2018-09-24,140.97999572753906,141.6999969482422,139.7100067138672,140.5,140.06906127929688,1373400
2018-09-25,140.44000244140625,140.4600067138672,138.89999389648438,140.0399932861328,139.61045837402344,885900
2018-09-26,140.7899932861328,144.30999755859375,139.6699981689453,142.69000244140625,142.2523651123047,1002400
2018-09-27,142.72999572753906,144.72999572753906,142.30999755859375,144.0500030517578,143.60816955566406,966900
2018-09-28,143.38999938964844,144.72999572753906,143.1199951171875,144.39999389648438,143.95709228515625,972700
2018-10-01,144.5,145.25,141.3000030517578,141.32000732421875,140.8865509033203,854200
2018-10-02,141.16000366210938,141.72000122070312,137.0800018310547,137.1300048828125,136.7093963623047,1143100
2018-10-03,137.5800018310547,139.89999389648438,137.00999450683594,138.7100067138672,138.28456115722656,902300
2018-10-04,138.08999633789062,138.6199951171875,133.5,134.14999389648438,133.73854064941406,1288800
2018-10-05,134.58999633789062,135.02999877929688,130.89999389648438,132.89999389648438,132.4923553466797,1610900
2018-10-08,132.35000610351562,134.86000061035156,131.75999450683594,134.42999267578125,134.0176544189453,992700
2018-10-09,133.77999877929688,136.3000030517578,132.91000366210938,134.6199951171875,134.2071075439453,995400
2018-10-10,133.80999755859375,133.80999755859375,124.58000183105469,124.75,124.36736297607422,1865800
2018-10-11,124.5,127.80999755859375,123.26000213623047,124.30000305175781,123.91874694824219,1321700
2018-10-12,126.69000244140625,127.5999984741211,124.86000061035156,126.05000305175781,125.66339111328125,947600
2018-10-15,125.48999786376953,127.75,125.19999694824219,126.58999633789062,126.20171356201172,633300
2018-10-16,127.62000274658203,130.02000427246094,126.16000366210938,129.72000122070312,129.3220977783203,691300
2018-10-17,129.67999267578125,130.9199981689453,127.52999877929688,127.95999908447266,127.56752014160156,770700
2018-10-18,127.6500015258789,128.80999755859375,125.72000122070312,126.30000305175781,125.91260528564453,844300
2018-10-19,126.37000274658203,126.94000244140625,121.08999633789062,121.20999908447266,120.83822631835938,1267500
2018-10-22,121.63999938964844,122.29000091552734,120.05999755859375,121.58000183105469,121.20709228515625,868900
2018-10-23,119.5999984741211,120.9800033569336,117.66000366210938,120.51000213623047,120.14036560058594,831500
2018-10-24,120.69000244140625,124.0,118.9800033569336,119.19000244140625,118.82442474365234,1096600
2018-10-25,119.8499984741211,121.77999877929688,119.62000274658203,120.69999694824219,120.32978820800781,728700
2018-10-26,119.29000091552734,121.05000305175781,116.5199966430664,118.55000305175781,118.18639373779297,800500
2018-10-29,120.23999786376953,122.06999969482422,116.70999908447266,118.38999938964844,118.0268783569336,906400
2018-10-30,119.43000030517578,121.08999633789062,117.33999633789062,118.05999755859375,117.69789123535156,1105000
2018-10-31,119.69999694824219,123.27999877929688,119.54000091552734,120.79000091552734,120.41950988769531,1120600
2018-11-01,120.63999938964844,126.3499984741211,119.62000274658203,125.80999755859375,125.42410278320312,1157300
2018-11-02,126.98999786376953,128.72999572753906,124.04000091552734,126.19000244140625,125.8029556274414,842300
2018-11-05,126.5199966430664,127.55000305175781,123.88999938964844,127.2300033569336,126.83975982666016,676800
2018-11-06,126.31999969482422,126.63999938964844,124.26000213623047,125.23999786376953,124.85586547851562,669500
2018-11-07,124.91000366210938,124.91000366210938,121.01000213623047,124.20999908447266,123.82902526855469,1471100
2018-11-08,123.91999816894531,126.94000244140625,123.02999877929688,126.27999877929688,125.89266967773438,1292000
2018-11-09,126.02999877929688,126.2699966430664,121.01000213623047,121.41000366210938,121.03761291503906,604600
2018-11-12,121.70999908447266,123.63999938964844,119.44000244140625,119.83999633789062,119.47241973876953,1038900
2018-11-13,120.75,122.69999694824219,119.98999786376953,120.43000030517578,120.06061553955078,528400
2018-11-14,122.44000244140625,124.94999694824219,120.37999725341797,121.06999969482422,120.69865417480469,1090200
2018-11-15,119.41000366210938,120.44999694824219,115.05000305175781,117.3499984741211,116.99005126953125,1320800
2018-11-16,116.38999938964844,116.38999938964844,114.12999725341797,115.6500015258789,115.2952651977539,1336400
2018-11-19,114.91999816894531,115.52999877929688,110.0,110.9000015258789,110.5598373413086,1086800
2018-11-20,108.12000274658203,109.5199966430664,106.62999725341797,107.91000366210938,107.57901763916016,1681000
2018-11-21,109.0,112.04000091552734,108.36000061035156,111.69000244140625,111.34741973876953,1149400
2018-11-23,110.79000091552734,111.44000244140625,110.04000091552734,110.12000274658203,109.78224182128906,405500
2018-11-26,111.33999633789062,113.4000015258789,110.91000366210938,112.55999755859375,112.21475219726562,1222300
2018-11-27,111.0,112.0,108.54000091552734,110.0999984741211,109.79936981201172,1731500
2018-11-28,110.30999755859375,111.79000091552734,108.62999725341797,110.91000366210938,110.6071548461914,2314800
2018-11-29,110.91000366210938,112.0,109.13999938964844,109.7699966430664,109.47026824951172,1848400
2018-11-30,109.11000061035156,115.36000061035156,109.11000061035156,110.51000213623047,110.208251953125,3135600
2018-12-03,113.29000091552734,116.88999938964844,113.27999877929688,114.25,113.93803405761719,2579900
2018-12-04,113.97000122070312,115.48999786376953,106.2300033569336,107.29000091552734,106.9970474243164,1444200
2018-12-06,105.75,106.7300033569336,102.76000213623047,106.6500015258789,106.35879516601562,1322100
2018-12-07,106.04000091552734,107.77999877929688,101.66999816894531,102.44000244140625,102.16029357910156,1169400
2018-12-10,102.44000244140625,103.16999816894531,99.3499984741211,100.79000091552734,100.5147933959961,1136300
2018-12-11,101.83999633789062,103.0,98.58000183105469,99.08999633789062,98.81942749023438,1234000
2018-12-12,100.2699966430664,100.86000061035156,98.29000091552734,98.58000183105469,98.31082153320312,1271800
2018-12-13,98.91000366210938,99.30999755859375,94.5,94.58999633789062,94.33171844482422,1194200
2018-12-14,93.37999725341797,96.27999877929688,92.7300033569336,93.20999908447266,92.95549011230469,1222000
2018-12-17,92.04000091552734,94.33999633789062,90.51000213623047,91.33999633789062,91.09059143066406,1795300
2018-12-18,92.11000061035156,94.43000030517578,91.58999633789062,92.31999969482422,92.06791687011719,1799000
2018-12-19,92.91000366210938,94.27999877929688,90.68000030517578,91.47000122070312,91.22023010253906,1906600
2018-12-20,91.6500015258789,92.81999969482422,89.08999633789062,90.33999633789062,90.09333038330078,1606100
2018-12-21,90.91999816894531,92.9800033569336,88.69000244140625,88.72000122070312,88.47775268554688,1663400
2018-12-24,88.1500015258789,88.7699966430664,86.45999908447266,86.83000183105469,86.59291076660156,689900
2018-12-26,86.94999694824219,92.20999908447266,86.79000091552734,92.16000366210938,91.90835571289062,1249000
2018-12-27,90.58000183105469,91.86000061035156,88.47000122070312,91.86000061035156,91.60916900634766,885000
2018-12-28,92.30999755859375,93.86000061035156,91.05000305175781,92.33999633789062,92.08786010742188,1475600
2018-12-31,92.55000305175781,93.5199966430664,91.91999816894531,92.94999694824219,92.6961898803711,909500
2019-01-02,91.25,94.31999969482422,90.6500015258789,93.48999786376953,93.23472595214844,897300
2019-01-03,92.97000122070312,92.97000122070312,89.93000030517578,90.70999908447266,90.46231079101562,1286200
2019-01-04,92.20999908447266,95.4000015258789,92.16000366210938,93.87000274658203,93.61367797851562,1061700
2019-01-07,96.0999984741211,99.80999755859375,96.0999984741211,98.55999755859375,98.29087829589844,1860500
2019-01-08,100.37999725341797,101.95999908447266,99.38999938964844,101.3499984741211,101.0732650756836,1437200
2019-01-09,102.87000274658203,103.33999633789062,101.19000244140625,102.61000061035156,102.32981872558594,1055500
2019-01-10,97.76000213623047,99.95999908447266,97.33000183105469,98.94000244140625,98.66983795166016,1558800
2019-01-11,105.5999984741211,107.63999938964844,104.37999725341797,105.7699966430664,105.48118591308594,2323500
2019-01-14,104.76000213623047,105.41999816894531,103.38999938964844,104.4800033569336,104.19470977783203,1757900
2019-01-15,105.0,105.16000366210938,103.26000213623047,104.41999816894531,104.13487243652344,1011800
2019-01-16,104.4800033569336,105.9800033569336,104.30999755859375,104.55000305175781,104.2645263671875,909200
2019-01-17,103.73999786376953,108.04000091552734,103.68000030517578,107.55999755859375,107.26629638671875,1164900
2019-01-18,109.5999984741211,110.83999633789062,108.58000183105469,110.18000030517578,109.879150390625,1634300
2019-01-22,108.5999984741211,109.45999908447266,104.63999938964844,105.05000305175781,104.76315307617188,1257700
2019-01-23,106.16000366210938,106.23999786376953,102.66999816894531,104.19999694824219,103.91547393798828,1268600
2019-01-24,104.20999908447266,106.08999633789062,103.91999816894531,105.98999786376953,105.7005844116211,581600
2019-01-25,107.4800033569336,108.9800033569336,106.91999816894531,108.37000274658203,108.07408905029297,590300
2019-01-28,106.95999908447266,108.48999786376953,106.76000213623047,108.44999694824219,108.15386962890625,537800
2019-01-29,108.41999816894531,108.87000274658203,106.38999938964844,108.25,107.95442199707031,792400
2019-01-30,109.05000305175781,110.37999725341797,107.51000213623047,110.3499984741211,110.04867553710938,806100
2019-01-31,110.37999725341797,110.43000030517578,108.47000122070312,109.11000061035156,108.81207275390625,803900
2019-02-01,109.5,109.68000030517578,108.05999755859375,108.76000213623047,108.4630355834961,1067200
2019-02-04,108.79000091552734,109.25,107.7300033569336,108.91000366210938,108.61262512207031,1011600
2019-02-05,110.48999786376953,112.97000122070312,110.48999786376953,111.80999755859375,111.50469970703125,1007900
2019-02-06,112.1500015258789,112.48999786376953,111.23999786376953,112.2699966430664,111.96344757080078,677700
2019-02-07,111.3499984741211,111.83999633789062,109.86000061035156,111.19999694824219,110.8963623046875,1091000
2019-02-08,109.86000061035156,110.91000366210938,109.58000183105469,110.88999938964844,110.58721160888672,851100
2019-02-11,111.30000305175781,113.44999694824219,111.30000305175781,112.77999877929688,112.4720458984375,691700
2019-02-12,113.23999786376953,114.83000183105469,112.5999984741211,114.33000183105469,114.01781463623047,1096400
2019-02-13,114.5999984741211,114.91999816894531,112.27999877929688,112.52999877929688,112.22274017333984,759900
2019-02-14,111.20999908447266,112.7300033569336,110.97000122070312,112.38999938964844,112.08312225341797,846900
2019-02-15,113.54000091552734,114.33999633789062,112.66000366210938,112.9000015258789,112.59172821044922,765600
2019-02-19,112.95999908447266,113.37999725341797,112.52999877929688,112.72000122070312,112.41221618652344,987500
2019-02-20,113.06999969482422,114.66000366210938,112.52999877929688,114.05999755859375,113.74855041503906,1054200
2019-02-21,113.91000366210938,115.38999938964844,113.69999694824219,115.0999984741211,114.78571319580078,911500
2019-02-22,116.0199966430664,117.69999694824219,115.4000015258789,117.62000274658203,117.29883575439453,1082000
2019-02-25,118.8499984741211,118.93000030517578,115.62000274658203,115.81999969482422,115.50374603271484,1512400
2019-02-26,115.80999755859375,117.68000030517578,115.08000183105469,115.72000122070312,115.4040298461914,707300
2019-02-27,115.44999694824219,116.83999633789062,114.91000366210938,116.30999755859375,116.03050994873047,816800
2019-02-28,116.13999938964844,116.13999938964844,114.73999786376953,114.83999633789062,114.56404113769531,927100
2019-03-01,116.37000274658203,118.43000030517578,114.36000061035156,115.12000274658203,114.84336853027344,951000
2019-03-04,115.33000183105469,115.51000213623047,111.76000213623047,112.0999984741211,111.83062744140625,1276200
2019-03-05,112.4800033569336,112.5,110.83000183105469,111.2300033569336,110.96271514892578,1163900
2019-03-06,111.45999908447266,111.75,109.37999725341797,110.0999984741211,109.83543395996094,1108500
2019-03-07,109.73999786376953,110.52999877929688,108.56999969482422,110.26000213623047,109.99505615234375,1079300
2019-03-08,109.23999786376953,110.3499984741211,107.94000244140625,110.27999877929688,110.01499938964844,835900
2019-03-11,110.83999633789062,112.02999877929688,110.37000274658203,111.98999786376953,111.72088623046875,601900
2019-03-12,112.30999755859375,112.37999725341797,110.79000091552734,112.02999877929688,111.76078796386719,662300
2019-03-13,112.45999908447266,114.01000213623047,112.41999816894531,113.12000274658203,112.84818267822266,652200
2019-03-14,113.0,113.22000122070312,112.33999633789062,112.72000122070312,112.44913482666016,483700
2019-03-15,112.7699966430664,113.0999984741211,110.45999908447266,110.51000213623047,110.24445343017578,1294100
2019-03-18,110.5199966430664,111.5199966430664,110.05999755859375,111.44999694824219,111.18218994140625,1215400
2019-03-19,111.73999786376953,111.94999694824219,109.76000213623047,110.06999969482422,109.80551147460938,844400
2019-03-20,109.77999877929688,110.36000061035156,106.86000061035156,107.08999633789062,106.8326644897461,1228500
2019-03-21,106.87999725341797,108.79000091552734,106.19000244140625,108.69000244140625,108.42881774902344,1019200
2019-03-22,108.2699966430664,108.5999984741211,106.66000366210938,107.20999908447266,106.95238494873047,1444900
2019-03-25,107.1500015258789,109.66000366210938,106.44999694824219,109.19000244140625,108.92761993408203,1225900
2019-03-26,110.33999633789062,111.19999694824219,109.36000061035156,110.0999984741211,109.83543395996094,822300
2019-03-27,110.47000122070312,112.05999755859375,110.20999908447266,110.88999938964844,110.62353515625,1628600
2019-03-28,125.16000366210938,132.36000061035156,124.80000305175781,127.26000213623047,126.95419311523438,5484600
2019-03-29,127.93000030517578,127.93000030517578,121.44000244140625,121.94999694824219,121.6569595336914,2547300
2019-04-01,123.22000122070312,125.16000366210938,122.8499984741211,125.02999877929688,124.72955322265625,2051300
2019-04-02,125.20999908447266,125.31999969482422,123.30000305175781,124.19999694824219,123.90154266357422,1256700
2019-04-03,125.0,125.47000122070312,124.12999725341797,124.4800033569336,124.18087768554688,1153100
2019-04-04,124.44999694824219,129.08999633789062,123.76000213623047,128.49000549316406,128.18124389648438,1583000
2019-04-05,128.32000732421875,129.6999969482422,126.9000015258789,127.26000213623047,126.95419311523438,1385600
2019-04-08,126.83000183105469,128.24000549316406,126.04000091552734,127.4000015258789,127.09386444091797,1008600
2019-04-09,128.88999938964844,129.14999389648438,126.51000213623047,126.5999984741211,126.29578399658203,1165300
2019-04-10,126.76000213623047,128.3000030517578,126.45999908447266,127.33000183105469,127.02404022216797,796000
2019-04-11,127.04000091552734,127.88999938964844,126.25,126.91000366210938,126.60504150390625,725100
2019-04-12,127.37000274658203,129.14999389648438,127.05999755859375,129.14999389648438,128.83966064453125,955200
2019-04-15,129.16000366210938,130.35000610351562,127.97000122070312,128.74000549316406,128.43063354492188,904800
2019-04-16,128.7899932861328,130.69000244140625,128.07000732421875,129.9499969482422,129.6377410888672,852100
2019-04-17,130.38999938964844,132.63999938964844,130.38999938964844,132.3300018310547,132.0120086669922,1223300
2019-04-18,132.47000122070312,134.24000549316406,131.9199981689453,132.1999969482422,131.88232421875,1048000
2019-04-22,132.0,132.3699951171875,130.5,130.92999267578125,130.61537170410156,782500
2019-04-23,131.41000366210938,132.1999969482422,129.5,132.1300048828125,131.8125,1280100
2019-04-24,132.08999633789062,133.3000030517578,131.02000427246094,132.7100067138672,132.39109802246094,556200
2019-04-25,132.4499969482422,132.60000610351562,130.02000427246094,130.02999877929688,129.71754455566406,641700
2019-04-26,130.02000427246094,131.27999877929688,128.97000122070312,131.02000427246094,130.70516967773438,713900
2019-04-29,130.55999755859375,131.5800018310547,129.94000244140625,130.63999938964844,130.32608032226562,738900
2019-04-30,130.19000244140625,131.27999877929688,128.66000366210938,128.99000549316406,128.6800537109375,789100
2019-05-01,129.63999938964844,130.2899932861328,128.27999877929688,128.32000732421875,128.01165771484375,551900
2019-05-02,128.61000061035156,130.19000244140625,127.5999984741211,127.8499984741211,127.54277801513672,737200
2019-05-03,128.10000610351562,128.6300048828125,126.4000015258789,127.18000030517578,126.8743896484375,682300
2019-05-06,124.63999938964844,124.98999786376953,123.0999984741211,123.9800033569336,123.68209075927734,752700
2019-05-07,123.0,123.36000061035156,120.2699966430664,121.81999969482422,121.52726745605469,1051100
2019-05-08,121.54000091552734,123.41000366210938,120.61000061035156,121.44000244140625,121.148193359375,885400
2019-05-09,121.12000274658203,121.58000183105469,118.33999633789062,120.6500015258789,120.3600845336914,1085000
2019-05-10,120.13999938964844,120.91999816894531,116.31999969482422,119.38999938964844,119.10311126708984,983800
2019-05-13,116.26000213623047,117.31999969482422,112.0199966430664,112.5,112.22966766357422,1568800
2019-05-14,112.83000183105469,113.5999984741211,110.8499984741211,112.37000274658203,112.09999084472656,1316900
2019-05-15,111.76000213623047,112.44000244140625,110.61000061035156,110.93000030517578,110.66343688964844,1180500
2019-05-16,110.97000122070312,111.94000244140625,110.18000030517578,110.4000015258789,110.13471221923828,805900
2019-05-17,109.47000122070312,110.63999938964844,108.6500015258789,108.70999908447266,108.44876098632812,802000
2019-05-20,107.61000061035156,108.01000213623047,105.7300033569336,106.05999755859375,105.80514526367188,1065300
2019-05-21,106.43000030517578,108.8499984741211,105.86000061035156,108.5199966430664,108.29803466796875,1077200
2019-05-22,109.55000305175781,112.05999755859375,109.37999725341797,109.56999969482422,109.34588623046875,1970700
2019-05-23,108.70999908447266,108.70999908447266,104.80999755859375,107.29000091552734,107.07054901123047,1586300
2019-05-24,107.77999877929688,108.94000244140625,106.44000244140625,106.95999908447266,106.74121856689453,1347500
2019-05-28,106.76000213623047,107.9800033569336,105.27999877929688,105.9000015258789,105.68339538574219,1416000
2019-05-29,104.0,104.5199966430664,98.75,99.25,99.0469970703125,2504700
2019-05-30,89.98999786376953,91.38999938964844,84.31999969482422,84.48999786376953,84.31717681884766,7940500
2019-05-31,82.83999633789062,85.73999786376953,82.51000213623047,85.19000244140625,85.0157470703125,2876800
2019-06-03,84.63999938964844,89.66999816894531,84.63999938964844,87.72000122070312,87.54058074951172,3332900
2019-06-04,89.26000213623047,91.55999755859375,88.23999786376953,91.05000305175781,90.86376190185547,2020000
2019-06-05,91.69000244140625,92.41000366210938,87.94999694824219,89.26000213623047,89.07742309570312,1557800
2019-06-06,88.94999694824219,89.19999694824219,86.62999725341797,87.87999725341797,87.70024871826172,1111500
2019-06-07,87.87999725341797,89.0999984741211,86.8499984741211,88.37000274658203,88.18924713134766,1352000
2019-06-10,88.52999877929688,91.5,88.52999877929688,89.7699966430664,89.58638763427734,922800
2019-06-11,90.44999694824219,92.01000213623047,88.58999633789062,88.69999694824219,88.51856994628906,1135600
2019-06-12,88.43000030517578,88.81999969482422,87.12999725341797,87.30000305175781,87.1214370727539,1436200
2019-06-13,88.2300033569336,89.93000030517578,87.87000274658203,89.7699966430664,89.58638763427734,741400
2019-06-14,89.4000015258789,89.4800033569336,87.56999969482422,88.05000305175781,87.86990356445312,1214500
2019-06-17,87.70999908447266,89.47000122070312,87.30999755859375,88.31999969482422,88.13934326171875,1061100
2019-06-18,89.11000061035156,92.25,89.06999969482422,89.63999938964844,89.45664978027344,1324500
2019-06-19,89.7300033569336,90.37999725341797,87.55999755859375,87.87000274658203,87.69026947021484,940600
2019-06-20,89.1500015258789,90.48999786376953,88.86000061035156,90.43000030517578,90.24503326416016,1065500
2019-06-21,90.5,93.29000091552734,89.97000122070312,93.26000213623047,93.06925201416016,2188600
2019-06-24,92.83999633789062,94.18000030517578,91.98999786376953,92.62999725341797,92.44053649902344,1248300
2019-06-25,92.4800033569336,92.4800033569336,91.04000091552734,91.29000091552734,91.103271484375,990500
2019-06-26,91.80999755859375,94.51000213623047,91.54000091552734,93.55999755859375,93.3686294555664,1048100
2019-06-27,94.94000244140625,95.5,92.37000274658203,93.27999877929688,93.08920288085938,863100
2019-06-28,93.11000061035156,94.94999694824219,93.11000061035156,94.63999938964844,94.44642639160156,1174300
2019-07-01,97.22000122070312,98.79000091552734,94.11000061035156,95.26000213623047,95.06514739990234,2029200
2019-07-02,95.16999816894531,95.16999816894531,92.37999725341797,93.72000122070312,93.52831268310547,1011300
2019-07-03,94.12999725341797,94.55000305175781,92.98999786376953,93.66000366210938,93.46843719482422,661700
2019-07-05,93.87999725341797,93.9000015258789,91.5199966430664,92.81999969482422,92.63014221191406,901700
2019-07-08,92.31999969482422,93.66999816894531,91.83999633789062,91.9000015258789,91.71202087402344,852200
2019-07-09,91.75,91.75,89.88999938964844,90.06999969482422,89.88577270507812,1229600
2019-07-10,90.30999755859375,90.45999908447266,87.30999755859375,87.47000122070312,87.29109191894531,1659600
2019-07-11,87.70999908447266,88.4800033569336,86.91999816894531,88.23999786376953,88.05950927734375,1757200
2019-07-12,88.66000366210938,90.45999908447266,88.41000366210938,89.19000244140625,89.00757598876953,1284700
2019-07-15,89.76000213623047,91.58000183105469,89.55999755859375,90.4800033569336,90.29493713378906,1815000
2019-07-16,90.76000213623047,92.9000015258789,90.38999938964844,92.5,92.31079864501953,1041600
2019-07-17,88.16000366210938,90.13999938964844,88.16000366210938,89.56999969482422,89.38678741455078,2941400
2019-07-18,89.5199966430664,89.7300033569336,87.16000366210938,87.87000274658203,87.69026947021484,1618600
2019-07-19,88.33000183105469,89.5999984741211,87.8499984741211,88.25,88.06948852539062,1096500
2019-07-22,88.6500015258789,89.45999908447266,86.61000061035156,86.68000030517578,86.50270080566406,866400
2019-07-23,87.19000244140625,88.6500015258789,86.5999984741211,88.05999755859375,87.8798828125,996800
2019-07-24,88.5,90.27999877929688,87.93000030517578,89.20999908447266,89.02753448486328,925500
2019-07-25,89.36000061035156,90.93000030517578,89.13999938964844,89.37999725341797,89.19718170166016,1068900
2019-07-26,89.58000183105469,90.05000305175781,88.04000091552734,89.30999755859375,89.12732696533203,938100
2019-07-29,88.9000015258789,89.5199966430664,87.62000274658203,89.08000183105469,88.89779663085938,971400
2019-07-30,88.9000015258789,89.52999877929688,87.05999755859375,89.08000183105469,88.89779663085938,1481800
2019-07-31,88.97000122070312,89.5199966430664,87.30999755859375,88.91999816894531,88.73812103271484,1417600
2019-08-01,88.47000122070312,88.91999816894531,80.80000305175781,82.80000305175781,82.63064575195312,1807300
2019-08-02,82.62999725341797,84.4000015258789,80.48999786376953,80.5,80.33534240722656,2198200
2019-08-05,78.91999816894531,78.9800033569336,75.5999984741211,76.5999984741211,76.44332122802734,2211100
2019-08-06,76.98999786376953,78.2699966430664,76.16999816894531,77.86000061035156,77.70073699951172,1418400
2019-08-07,77.30000305175781,78.20999908447266,76.41999816894531,77.86000061035156,77.70073699951172,1386000
2019-08-08,78.37000274658203,79.0199966430664,77.77999877929688,78.58000183105469,78.41927337646484,1352600
2019-08-09,78.05999755859375,78.1500015258789,74.61000061035156,74.66000366210938,74.50729370117188,1104000
2019-08-12,74.0199966430664,74.25,71.47000122070312,72.0999984741211,71.95252227783203,1303800
2019-08-13,71.7300033569336,77.16999816894531,71.5,74.66999816894531,74.51726531982422,2110200
2019-08-14,72.0,72.0,68.5999984741211,69.36000061035156,69.21812438964844,1876500
2019-08-15,69.55000305175781,69.97000122070312,67.41000366210938,69.19000244140625,69.0484848022461,2416200
2019-08-16,69.58999633789062,71.44000244140625,69.19999694824219,70.72000122070312,70.57534790039062,1361200
2019-08-19,72.25,72.94999694824219,71.91000366210938,71.95999908447266,71.81280517578125,1135500
2019-08-20,71.4000015258789,72.0199966430664,70.7699966430664,71.83999633789062,71.69304656982422,871800
2019-08-21,72.58000183105469,72.75,71.33000183105469,71.98999786376953,71.8427505493164,730000
2019-08-22,72.0,73.33999633789062,71.73999786376953,72.73999786376953,72.59121704101562,1322400
2019-08-23,71.55999755859375,72.37000274658203,68.76000213623047,69.01000213623047,68.86884307861328,2124300
2019-08-26,69.87999725341797,70.80999755859375,69.12000274658203,70.4800033569336,70.33584594726562,1136300
2019-08-27,71.08000183105469,71.5,69.62999725341797,69.80999755859375,69.66720581054688,1113400
2019-08-28,69.30999755859375,71.91999816894531,69.0,71.56999969482422,71.4236068725586,1450200
2019-08-29,77.56999969482422,79.36000061035156,73.41000366210938,76.0,75.88484191894531,3998200
2019-08-30,76.5,78.62999725341797,75.7300033569336,75.80000305175781,75.68515014648438,1878800
2019-09-03,75.55000305175781,76.01000213623047,74.08000183105469,74.30000305175781,74.18741607666016,2436000
2019-09-04,79.05999755859375,81.7699966430664,78.55000305175781,81.08000183105469,80.95714569091797,3310000
2019-09-05,82.5199966430664,84.73999786376953,82.5199966430664,84.55999755859375,84.43186950683594,2163300
2019-09-06,84.9800033569336,85.94999694824219,84.0,85.38999938964844,85.26061248779297,1916300
2019-09-09,85.7300033569336,89.30999755859375,85.5,89.19000244140625,89.05486297607422,1972000
2019-09-10,88.83000183105469,90.77999877929688,88.61000061035156,90.54000091552734,90.4028091430664,2017900
2019-09-11,90.37000274658203,91.0199966430664,87.54000091552734,90.4000015258789,90.26301574707031,1459600
2019-09-12,89.79000091552734,90.91000366210938,87.70999908447266,90.38999938964844,90.25303649902344,1405300
2019-09-13,91.05999755859375,92.80000305175781,90.38999938964844,90.61000061035156,90.47270202636719,1030500
2019-09-16,89.36000061035156,91.2699966430664,88.75,90.62000274658203,90.4826889038086,1221900
2019-09-17,90.30999755859375,90.30999755859375,87.41000366210938,88.44999694824219,88.31597137451172,1378900
2019-09-18,87.80000305175781,89.12000274658203,87.26000213623047,89.0199966430664,88.8851089477539,977000
2019-09-19,89.16000366210938,89.16000366210938,86.12999725341797,86.73999786376953,86.60855865478516,1055200
2019-09-20,87.36000061035156,88.75,86.01000213623047,86.11000061035156,85.97952270507812,1428500
2019-09-23,85.26000213623047,87.72000122070312,84.43000030517578,87.0,86.86817932128906,1078600
2019-09-24,87.52999877929688,87.52999877929688,84.7699966430664,85.75,85.62007141113281,845000
2019-09-25,85.95999908447266,87.73999786376953,85.5999984741211,87.26000213623047,87.1277847290039,917100
2019-09-26,87.37000274658203,87.62000274658203,86.41000366210938,86.77999877929688,86.64849853515625,917100
2019-09-27,87.0999984741211,89.06999969482422,86.87999725341797,87.72000122070312,87.58708190917969,764500
2019-09-30,88.0199966430664,88.68000030517578,87.45999908447266,88.2300033569336,88.09630584716797,733000
2019-10-01,88.69999694824219,89.69999694824219,85.66000366210938,85.66000366210938,85.53020477294922,1580200
2019-10-02,84.58999633789062,85.08999633789062,82.63999938964844,82.9000015258789,82.77438354492188,1213500
2019-10-03,82.87999725341797,84.0199966430664,81.12000274658203,83.87000274658203,83.742919921875,1222900
2019-10-04,83.93000030517578,84.68000030517578,82.77999877929688,84.4800033569336,84.35199737548828,1359500
2019-10-07,84.2699966430664,84.76000213623047,83.5199966430664,83.70999908447266,83.5831527709961,978500
2019-10-08,82.45999908447266,82.76000213623047,80.43000030517578,80.80999755859375,80.68754577636719,1070500
2019-10-09,81.94000244140625,83.25,81.62999725341797,82.76000213623047,82.63459777832031,913300
2019-10-10,83.01000213623047,84.86000061035156,82.56999969482422,83.80000305175781,83.67302703857422,1124700
2019-10-11,85.22000122070312,88.70999908447266,85.22000122070312,87.72000122070312,87.58708190917969,1194600
2019-10-14,86.91999816894531,87.72000122070312,85.27999877929688,86.94000244140625,86.80826568603516,823200
2019-10-15,87.16999816894531,88.66999816894531,86.54000091552734,87.55999755859375,87.42732238769531,583200
2019-10-16,87.43000030517578,88.75,87.36000061035156,87.6500015258789,87.5171890258789,634100
2019-10-17,88.5,88.98999786376953,86.70999908447266,87.37999725341797,87.24759674072266,939500
2019-10-18,86.06999969482422,87.56999969482422,85.5199966430664,87.38999938964844,87.25757598876953,797600
2019-10-21,88.47000122070312,90.33000183105469,88.47000122070312,89.3499984741211,89.21461486816406,888400
2019-10-22,89.4800033569336,92.73999786376953,88.97000122070312,92.38999938964844,92.25,1141400
2019-10-23,92.29000091552734,92.47000122070312,90.70999908447266,91.75,91.61096954345703,888600
2019-10-24,92.12999725341797,92.41999816894531,89.58000183105469,90.83999633789062,90.70235443115234,654700
2019-10-25,89.0199966430664,93.37000274658203,89.0199966430664,92.7699966430664,92.62943267822266,798400
2019-10-28,90.94999694824219,93.22000122070312,89.61000061035156,89.66999816894531,89.53412628173828,1118500
2019-10-29,89.41999816894531,89.61000061035156,88.2300033569336,88.41999816894531,88.28601837158203,867200
2019-10-30,88.58999633789062,89.0999984741211,87.44000244140625,88.37999725341797,88.24607849121094,624600
2019-10-31,87.9000015258789,88.30000305175781,85.2300033569336,87.16000366210938,87.02793884277344,906000
2019-11-01,88.08999633789062,90.19000244140625,88.08999633789062,90.08999633789062,89.9534912109375,665800
2019-11-04,91.01000213623047,93.44999694824219,90.91000366210938,93.37999725341797,93.2385025024414,891300
2019-11-05,93.66000366210938,96.93000030517578,93.41999816894531,94.94999694824219,94.80612182617188,1254400
2019-11-06,94.58000183105469,94.73999786376953,92.3499984741211,93.19999694824219,93.05877685546875,1022600
2019-11-07,96.94999694824219,100.91999816894531,96.72000122070312,97.66000366210938,97.51202392578125,1486900
2019-11-08,97.47000122070312,98.12000274658203,95.43000030517578,97.95999908447266,97.81156158447266,891100
2019-11-11,97.20999908447266,97.76000213623047,96.19999694824219,96.72000122070312,96.57344818115234,602100
2019-11-12,97.0999984741211,97.95999908447266,96.08000183105469,96.87999725341797,96.73320007324219,591600
2019-11-13,96.16000366210938,96.94999694824219,95.47000122070312,96.7300033569336,96.58343505859375,609500
2019-11-14,97.16999816894531,98.5999984741211,96.88999938964844,97.83999633789062,97.69174194335938,596900
2019-11-15,98.56999969482422,99.94999694824219,97.75,99.91999816894531,99.76859283447266,745400
2019-11-18,99.58999633789062,99.91999816894531,97.80999755859375,99.80999755859375,99.65876007080078,790900
2019-11-19,99.5199966430664,99.75,97.70999908447266,98.19999694824219,98.05119323730469,865600
2019-11-20,98.16999816894531,98.19000244140625,96.2699966430664,97.80999755859375,97.66178894042969,1024500
2019-11-21,97.7699966430664,98.7300033569336,96.77999877929688,97.16000366210938,97.01277923583984,1675200
2019-11-22,98.47000122070312,100.33999633789062,97.38999938964844,99.81999969482422,99.66874694824219,1066600
2019-11-25,100.72000122070312,100.98999786376953,99.0,100.58000183105469,100.42759704589844,2015100
2019-11-26,102.0,103.0,99.41000366210938,100.05000305175781,99.93566131591797,2388700
2019-11-27,99.56999969482422,99.86000061035156,96.5999984741211,97.44999694824219,97.338623046875,1123700
2019-11-29,96.87000274658203,98.05999755859375,95.87999725341797,96.95999908447266,96.84918975830078,559900
2019-12-02,97.13999938964844,97.94000244140625,96.02999877929688,96.7300033569336,96.61945343017578,977000
2019-12-03,94.7300033569336,94.95999908447266,93.29000091552734,94.06999969482422,93.96249389648438,1222200
2019-12-04,94.19000244140625,97.7699966430664,93.51000213623047,97.3499984741211,97.23873901367188,1040300
2019-12-05,98.13999938964844,100.76000213623047,97.87999725341797,100.7300033569336,100.61488342285156,1262300
2019-12-06,101.27999877929688,103.44000244140625,101.20999908447266,101.41000366210938,101.29410552978516,955200
2019-12-09,101.37000274658203,102.80999755859375,101.0,102.2699966430664,102.15311431884766,800300
2019-12-10,102.23999786376953,103.7699966430664,101.27999877929688,101.36000061035156,101.2441635131836,832100
2019-12-11,100.95999908447266,102.66999816894531,100.30000305175781,102.5,102.38285827636719,775900
2019-12-12,102.7699966430664,105.37000274658203,101.62999725341797,105.12999725341797,105.00984954833984,799300
2019-12-13,105.83000183105469,106.98999786376953,104.23999786376953,104.41000366210938,104.29067993164062,883500
2019-12-16,105.44000244140625,106.19999694824219,104.12999725341797,104.5,104.38056945800781,647100
2019-12-17,104.43000030517578,105.5199966430664,103.52999877929688,105.37000274658203,105.24958038330078,946500
2019-12-18,105.7699966430664,107.30000305175781,105.08000183105469,106.91000366210938,106.7878189086914,753700
2019-12-19,106.47000122070312,106.86000061035156,104.58999633789062,104.66000366210938,104.54039001464844,847700
2019-12-20,105.30000305175781,105.9000015258789,104.63999938964844,105.2300033569336,105.1097412109375,966900
2019-12-23,105.29000091552734,105.41999816894531,104.08999633789062,104.9000015258789,104.78011322021484,674600
2019-12-24,105.06999969482422,105.12000274658203,103.9800033569336,104.66999816894531,104.55037689208984,190900
2019-12-26,105.0,105.72000122070312,104.33999633789062,104.9000015258789,104.78011322021484,290900
2019-12-27,104.80999755859375,105.7300033569336,103.86000061035156,104.05000305175781,103.93109130859375,497900
2019-12-30,104.08000183105469,105.08000183105469,103.13999938964844,104.01000213623047,103.8911361694336,356900
2019-12-31,104.01000213623047,105.5999984741211,103.5999984741211,105.1500015258789,105.02983093261719,383300
2020-01-02,105.94000244140625,106.41000366210938,104.55000305175781,105.3499984741211,105.22959899902344,835400
2020-01-03,103.56999969482422,104.83999633789062,102.8499984741211,103.29000091552734,103.17195129394531,642000
2020-01-06,102.37999725341797,105.70999908447266,101.97000122070312,105.63999938964844,105.5192642211914,684100
2020-01-07,105.63999938964844,106.80000305175781,104.69000244140625,105.6500015258789,105.52925872802734,549700
2020-01-08,106.72000122070312,108.05999755859375,105.61000061035156,106.2300033569336,106.10859680175781,631900
2020-01-09,106.54000091552734,107.4000015258789,100.33000183105469,103.30000305175781,103.18194580078125,1921000
2020-01-10,103.2699966430664,103.43000030517578,100.41999816894531,100.4800033569336,100.36516571044922,930700
2020-01-13,100.62999725341797,101.25,99.75,100.25,100.13542938232422,657700
2020-01-14,100.01000213623047,101.2699966430664,99.81999969482422,99.9000015258789,99.78582763671875,792200
2020-01-15,99.20999908447266,99.94000244140625,98.19000244140625,98.73999786376953,98.62715148925781,741700
2020-01-16,99.5199966430664,100.77999877929688,99.04000091552734,99.38999938964844,99.27641296386719,603200
2020-01-17,99.9800033569336,100.9800033569336,99.4000015258789,100.94999694824219,100.83462524414062,717000
2020-01-21,100.43000030517578,100.62000274658203,98.76000213623047,98.7699966430664,98.65711975097656,840400
2020-01-22,99.11000061035156,99.48999786376953,98.05000305175781,98.08000183105469,97.96791076660156,471200
2020-01-23,96.81999969482422,97.48999786376953,95.08999633789062,96.88999938964844,96.77926635742188,569400
2020-01-24,97.1500015258789,97.47000122070312,94.05999755859375,94.94999694824219,94.84148406982422,556200
2020-01-27,92.44000244140625,93.23999786376953,91.23999786376953,91.41999816894531,91.31552124023438,997900
2020-01-28,92.25,92.47000122070312,90.05999755859375,90.19999694824219,90.09690856933594,895300
2020-01-29,90.80000305175781,91.76000213623047,89.75,89.91000366210938,89.8072509765625,851400
2020-01-30,88.83999633789062,91.55999755859375,88.37999725341797,91.4000015258789,91.29554748535156,719500
2020-01-31,91.05999755859375,91.16999816894531,86.66999816894531,87.16999816894531,87.07037353515625,931600
2020-02-03,87.5999984741211,88.69000244140625,86.26000213623047,86.41999816894531,86.32123565673828,1042400
2020-02-04,88.41999816894531,89.98999786376953,87.02999877929688,87.1500015258789,87.05039978027344,1177400
2020-02-05,88.88999938964844,91.19999694824219,88.75,90.0,89.89714050292969,2265600
2020-02-06,90.62999725341797,91.0,88.61000061035156,88.87999725341797,88.7784194946289,951000
2020-02-07,87.87000274658203,88.87999725341797,86.27999877929688,86.44999694824219,86.3511962890625,883900
2020-02-10,85.93000030517578,86.80000305175781,85.0999984741211,85.37000274658203,85.2724380493164,1145400
2020-02-11,85.93000030517578,86.98999786376953,85.11000061035156,86.16000366210938,86.06153869628906,753600
2020-02-12,88.70999908447266,91.93000030517578,88.22000122070312,89.88999938964844,89.78726959228516,1486500
2020-02-13,88.61000061035156,89.66999816894531,88.12999725341797,89.27999877929688,89.17796325683594,901000
2020-02-14,89.25,89.75,88.2699966430664,89.37000274658203,89.26786804199219,863400
2020-02-18,88.05000305175781,89.0999984741211,85.72000122070312,86.3499984741211,86.25131225585938,1154800
2020-02-19,86.41999816894531,86.93000030517578,85.86000061035156,86.12999725341797,86.03156280517578,947100
2020-02-20,86.01000213623047,88.11000061035156,86.01000213623047,86.87999725341797,86.78070831298828,812500
2020-02-21,85.9000015258789,86.08000183105469,84.06999969482422,84.66999816894531,84.57323455810547,798000
2020-02-24,80.4000015258789,82.4000015258789,79.51000213623047,81.2300033569336,81.13716888427734,1162600
2020-02-25,81.88999938964844,82.02999877929688,76.45999908447266,76.95999908447266,76.8720474243164,1255600
2020-02-26,77.45999908447266,78.26000213623047,73.3499984741211,74.04000091552734,73.95538330078125,1389000
2020-02-27,72.04000091552734,76.5199966430664,70.0999984741211,73.05999755859375,72.97650146484375,1697800
2020-02-28,70.30000305175781,74.80000305175781,70.30000305175781,74.11000061035156,74.02530670166016,1834300
2020-03-02,74.80000305175781,75.04000091552734,71.93000030517578,74.58999633789062,74.50475311279297,1294300
2020-03-03,74.22000122070312,76.5,70.68000030517578,71.93000030517578,71.84779357910156,1167300
2020-03-04,72.58999633789062,73.87999725341797,71.31999969482422,73.79000091552734,73.7056655883789,1045600
2020-03-05,71.26000213623047,71.9800033569336,68.95999908447266,69.83999633789062,69.76017761230469,1307600
2020-03-06,68.0,70.56999969482422,67.31999969482422,69.18000030517578,69.10093688964844,1371500
2020-03-09,63.86000061035156,64.5999984741211,60.349998474121094,61.5,61.42971420288086,1518800
2020-03-10,63.86000061035156,65.27999877929688,60.91999816894531,63.59000015258789,63.51732635498047,1319100
2020-03-11,61.689998626708984,61.709999084472656,56.349998474121094,56.630001068115234,56.56528091430664,1393100
2020-03-12,53.040000915527344,53.040000915527344,44.02000045776367,44.25,44.19942855834961,2822900
2020-03-13,46.91999816894531,50.34000015258789,42.77000045776367,50.34000015258789,50.282466888427734,1918500
2020-03-16,43.689998626708984,45.459999084472656,40.310001373291016,40.75,40.70343017578125,1442200
2020-03-17,41.31999969482422,43.849998474121094,36.279998779296875,37.43000030517578,37.38722229003906,2230500
2020-03-18,35.63999938964844,36.18000030517578,29.40999984741211,33.25,33.21200180053711,1793800
2020-03-19,32.060001373291016,35.5099983215332,29.510000228881836,33.900001525878906,33.900001525878906,1835100
2020-03-20,34.59000015258789,35.4900016784668,31.3799991607666,31.56999969482422,31.56999969482422,2139300
2020-03-23,31.520000457763672,32.34000015258789,28.399999618530273,29.049999237060547,29.049999237060547,1573200
2020-03-24,31.440000534057617,35.900001525878906,31.010000228881836,35.52000045776367,35.52000045776367,1338900
2020-03-25,36.52000045776367,39.5,34.599998474121094,37.459999084472656,37.459999084472656,2013800
2020-03-26,37.61000061035156,43.0,36.0099983215332,39.029998779296875,39.029998779296875,2979100
2020-03-27,36.869998931884766,39.150001525878906,34.040000915527344,38.0,38.0,1890200
2020-03-30,38.02000045776367,38.599998474121094,34.13999938964844,38.220001220703125,38.220001220703125,1550500
2020-03-31,37.95000076293945,40.2599983215332,37.29999923706055,37.63999938964844,37.63999938964844,1444900
2020-04-01,35.33000183105469,35.869998931884766,31.81999969482422,32.630001068115234,32.630001068115234,2372000
2020-04-02,35.0,35.560001373291016,30.540000915527344,31.8700008392334,31.8700008392334,3786300
2020-04-03,30.84000015258789,31.729999542236328,29.020000457763672,30.989999771118164,30.989999771118164,2238300
2020-04-06,33.290000915527344,40.41999816894531,33.04999923706055,39.709999084472656,39.709999084472656,3774700
2020-04-07,43.68000030517578,49.290000915527344,43.68000030517578,46.72999954223633,46.72999954223633,3517500
2020-04-08,47.58000183105469,48.70000076293945,46.72999954223633,47.88999938964844,47.88999938964844,1972200
2020-04-09,50.0,52.9900016784668,48.59000015258789,49.5099983215332,49.5099983215332,2632900
2020-04-13,49.380001068115234,49.5099983215332,44.25,46.060001373291016,46.060001373291016,1461400
2020-04-14,47.619998931884766,48.38999938964844,46.13999938964844,47.959999084472656,47.959999084472656,1277500
2020-04-15,44.83000183105469,45.5099983215332,41.11000061035156,42.33000183105469,42.33000183105469,1884200
2020-04-16,42.11000061035156,42.47999954223633,39.869998931884766,40.040000915527344,40.040000915527344,1340200
2020-04-17,42.91999816894531,45.70000076293945,42.91999816894531,44.880001068115234,44.880001068115234,1823100
2020-04-20,43.08000183105469,44.02000045776367,40.619998931884766,40.880001068115234,40.880001068115234,1942700
2020-04-21,38.599998474121094,39.79999923706055,38.29999923706055,39.33000183105469,39.33000183105469,1494200
2020-04-22,40.900001525878906,41.2400016784668,39.15999984741211,39.189998626708984,39.189998626708984,1451000
2020-04-23,39.0,41.099998474121094,38.77000045776367,39.70000076293945,39.70000076293945,1484300
2020-04-24,40.13999938964844,42.560001373291016,39.79999923706055,41.36000061035156,41.36000061035156,2371600
2020-04-27,42.15999984741211,48.130001068115234,42.060001373291016,47.63999938964844,47.63999938964844,2198900
2020-04-28,52.0,53.4900016784668,47.68000030517578,50.619998931884766,50.619998931884766,2985600
2020-04-29,53.58000183105469,56.689998626708984,52.970001220703125,53.95000076293945,53.95000076293945,3059800
2020-04-30,52.08000183105469,52.7599983215332,49.060001373291016,49.22999954223633,49.22999954223633,2212300
2020-05-01,47.02000045776367,47.54999923706055,44.04999923706055,44.66999816894531,44.66999816894531,1910500
2020-05-04,43.08000183105469,45.70000076293945,41.77000045776367,44.43000030517578,44.43000030517578,1310900
2020-05-05,45.65999984741211,47.58000183105469,43.959999084472656,44.27000045776367,44.27000045776367,1546900
2020-05-06,44.68000030517578,45.61000061035156,41.369998931884766,42.5,42.5,1478800
2020-05-07,43.099998474121094,45.310001373291016,42.88999938964844,42.939998626708984,42.939998626708984,1391500
2020-05-08,44.59000015258789,46.099998474121094,43.77000045776367,46.02000045776367,46.02000045776367,1290900
2020-05-11,44.790000915527344,44.970001220703125,41.90999984741211,43.529998779296875,43.529998779296875,2070500
2020-05-12,44.41999816894531,45.29999923706055,42.119998931884766,42.150001525878906,42.150001525878906,1262400
2020-05-13,41.22999954223633,41.22999954223633,38.130001068115234,39.52000045776367,39.52000045776367,1801500
2020-05-14,38.0,41.2400016784668,36.34000015258789,41.22999954223633,41.22999954223633,1739500
2020-05-15,40.13999938964844,42.130001068115234,39.36000061035156,40.209999084472656,40.209999084472656,1619800
2020-05-18,43.369998931884766,45.56999969482422,42.939998626708984,44.47999954223633,44.47999954223633,1981100
2020-05-19,43.939998626708984,44.459999084472656,41.38999938964844,41.650001525878906,41.650001525878906,1569900
2020-05-20,42.349998474121094,43.58000183105469,41.779998779296875,41.9900016784668,41.9900016784668,1707900
2020-05-21,42.16999816894531,44.900001525878906,40.5099983215332,44.310001373291016,44.310001373291016,2129600
2020-05-22,44.5,45.20000076293945,43.2599983215332,44.150001525878906,44.150001525878906,1276300
2020-05-26,47.75,50.290000915527344,47.5,49.83000183105469,49.83000183105469,2172800
2020-05-27,52.779998779296875,55.310001373291016,51.59000015258789,53.849998474121094,53.849998474121094,2647600
2020-05-28,53.970001220703125,54.20000076293945,49.029998779296875,49.560001373291016,49.560001373291016,1946400
2020-05-29,48.439998626708984,48.439998626708984,44.91999816894531,45.470001220703125,45.470001220703125,7496100
2020-06-01,45.5,49.060001373291016,45.400001525878906,47.619998931884766,47.619998931884766,1588900
2020-06-02,48.599998474121094,50.16999816894531,47.86000061035156,49.61000061035156,49.61000061035156,1289700
2020-06-03,51.41999816894531,55.43000030517578,51.189998626708984,55.0099983215332,55.0099983215332,2112800
2020-06-04,54.529998779296875,57.47999954223633,52.56999969482422,57.130001068115234,57.130001068115234,2191800
2020-06-05,62.84000015258789,64.44000244140625,61.650001525878906,62.75,62.75,2233200
2020-06-08,64.37000274658203,69.80999755859375,63.599998474121094,69.45999908447266,69.45999908447266,2913500
2020-06-09,66.05000305175781,66.44999694824219,61.810001373291016,63.58000183105469,63.58000183105469,2169700
2020-06-10,62.38999938964844,62.58000183105469,59.04999923706055,59.61000061035156,59.61000061035156,1902100
2020-06-11,53.79999923706055,55.939998626708984,52.220001220703125,52.720001220703125,52.720001220703125,2609500
2020-06-12,54.0,54.880001068115234,46.16999816894531,49.61000061035156,49.61000061035156,5810800
2020-06-15,47.4900016784668,50.33000183105469,46.880001068115234,50.16999816894531,50.16999816894531,2274400
2020-06-16,54.16999816894531,54.459999084472656,50.63999938964844,52.56999969482422,52.56999969482422,2462100
2020-06-17,52.0099983215332,52.560001373291016,49.58000183105469,49.59000015258789,49.59000015258789,1721400
2020-06-18,48.7599983215332,50.83000183105469,48.029998779296875,49.720001220703125,49.720001220703125,1209100
2020-06-19,50.529998779296875,50.81999969482422,46.81999969482422,46.849998474121094,46.849998474121094,3084000
2020-06-22,46.66999816894531,48.34000015258789,45.619998931884766,47.5,47.5,1674100
2020-06-23,48.79999923706055,49.63999938964844,46.95000076293945,49.20000076293945,49.20000076293945,1710500
2020-06-24,47.70000076293945,48.189998626708984,46.709999084472656,47.599998474121094,47.599998474121094,2095600
2020-06-25,46.41999816894531,47.52000045776367,45.63999938964844,46.880001068115234,46.880001068115234,1686700
2020-06-26,46.290000915527344,47.08000183105469,44.20000076293945,44.65999984741211,44.65999984741211,2571600
2020-06-29,45.54999923706055,48.93000030517578,45.189998626708984,48.66999816894531,48.66999816894531,2160300
2020-06-30,48.59000015258789,48.88999938964844,47.029998779296875,48.04999923706055,48.04999923706055,1126300
2020-07-01,47.88999938964844,50.25,46.369998931884766,46.689998626708984,46.689998626708984,1471400
2020-07-02,48.34000015258789,49.290000915527344,46.58000183105469,47.459999084472656,47.459999084472656,1507300
2020-07-06,48.7400016784668,48.7400016784668,45.5,46.5,46.5,1686200
2020-07-07,45.59000015258789,45.7599983215332,44.15999984741211,44.619998931884766,44.619998931884766,1354300
2020-07-08,44.290000915527344,45.43000030517578,43.880001068115234,45.11000061035156,45.11000061035156,1395300
2020-07-09,44.7400016784668,44.75,41.77000045776367,42.5099983215332,42.5099983215332,1751500
2020-07-10,42.650001525878906,44.59000015258789,42.220001220703125,44.369998931884766,44.369998931884766,1040000
2020-07-13,44.72999954223633,46.869998931884766,43.130001068115234,45.38999938964844,45.38999938964844,1578800
2020-07-14,45.29999923706055,47.2400016784668,44.31999969482422,46.5099983215332,46.5099983215332,1305900
2020-07-15,48.970001220703125,51.310001373291016,48.400001525878906,50.779998779296875,50.779998779296875,2363400
2020-07-16,49.709999084472656,52.58000183105469,49.2400016784668,51.2599983215332,51.2599983215332,1822700
2020-07-17,51.369998931884766,51.779998779296875,49.16999816894531,49.22999954223633,49.22999954223633,972600
2020-07-20,49.02000045776367,49.209999084472656,47.27000045776367,47.34000015258789,47.34000015258789,1284100
2020-07-21,48.029998779296875,49.70000076293945,48.02000045776367,49.02000045776367,49.02000045776367,1111500
2020-07-22,48.09000015258789,49.97999954223633,47.84000015258789,49.439998626708984,49.439998626708984,1146000
2020-07-23,49.0,51.880001068115234,48.5,50.900001525878906,50.900001525878906,1297800
2020-07-24,50.75,51.209999084472656,49.810001373291016,50.08000183105469,50.08000183105469,787100
2020-07-27,49.66999816894531,50.20000076293945,48.65999984741211,50.119998931884766,50.119998931884766,922200
2020-07-28,49.84000015258789,51.70000076293945,49.84000015258789,50.709999084472656,50.709999084472656,1195000
2020-07-29,51.380001068115234,52.58000183105469,51.11000061035156,52.15999984741211,52.15999984741211,938100
2020-07-30,50.88999938964844,51.029998779296875,49.45000076293945,50.18000030517578,50.18000030517578,1075400
2020-07-31,50.16999816894531,50.61000061035156,47.90999984741211,48.65999984741211,48.65999984741211,849800
2020-08-03,48.869998931884766,49.689998626708984,47.66999816894531,49.22999954223633,49.22999954223633,1045600
2020-08-04,48.65999984741211,49.75,47.209999084472656,47.720001220703125,47.720001220703125,1292100
2020-08-05,48.630001068115234,51.630001068115234,48.630001068115234,51.18000030517578,51.18000030517578,1276800
2020-08-06,51.790000915527344,51.810001373291016,50.20000076293945,50.650001525878906,50.650001525878906,997400
2020-08-07,50.61000061035156,51.83000183105469,49.279998779296875,51.810001373291016,51.810001373291016,807000
2020-08-10,52.45000076293945,54.189998626708984,51.9900016784668,54.029998779296875,54.029998779296875,1930900
2020-08-11,56.04999923706055,56.849998474121094,54.08000183105469,54.20000076293945,54.20000076293945,1654800
2020-08-12,55.09000015258789,55.09000015258789,52.09000015258789,53.540000915527344,53.540000915527344,989300
2020-08-13,53.43000030517578,53.84000015258789,52.47999954223633,53.61000061035156,53.61000061035156,964900
2020-08-14,53.02000045776367,56.0,52.95000076293945,55.36000061035156,55.36000061035156,945700
2020-08-17,55.06999969482422,55.130001068115234,53.15999984741211,54.65999984741211,54.65999984741211,752200
2020-08-18,54.15999984741211,54.220001220703125,51.2599983215332,51.5,51.5,1081700
2020-08-19,51.709999084472656,53.0,50.779998779296875,51.040000915527344,51.040000915527344,890300
2020-08-20,50.599998474121094,51.9900016784668,50.150001525878906,50.18000030517578,50.18000030517578,820300
2020-08-21,50.27000045776367,50.70000076293945,49.599998474121094,50.130001068115234,50.130001068115234,616200
2020-08-24,49.959999084472656,53.70000076293945,49.959999084472656,53.65999984741211,53.65999984741211,1534300
2020-08-25,54.5,55.06999969482422,52.9900016784668,54.15999984741211,54.15999984741211,905900
2020-08-26,54.290000915527344,54.650001525878906,53.0,53.02000045776367,53.02000045776367,825400
2020-08-27,53.630001068115234,55.63999938964844,53.630001068115234,55.04999923706055,55.04999923706055,955900
2020-08-28,55.31999969482422,57.34000015258789,54.79999923706055,57.2400016784668,57.2400016784668,956300
2020-08-31,56.779998779296875,57.130001068115234,55.41999816894531,55.7599983215332,55.7599983215332,1105400
2020-09-01,55.470001220703125,57.66999816894531,54.119998931884766,57.650001525878906,57.650001525878906,1563600
2020-09-02,58.58000183105469,60.599998474121094,58.2400016784668,59.5099983215332,59.5099983215332,2405400
2020-09-03,61.650001525878906,64.70999908447266,60.83000183105469,61.45000076293945,61.45000076293945,3319600
2020-09-04,62.72999954223633,63.93000030517578,60.959999084472656,63.41999816894531,63.41999816894531,1785500
2020-09-08,61.84000015258789,67.80999755859375,61.720001220703125,66.04000091552734,66.04000091552734,2063900
2020-09-09,65.87999725341797,66.16000366210938,63.83000183105469,65.02999877929688,65.02999877929688,1128500
2020-09-10,65.5999984741211,68.02999877929688,65.5999984741211,67.05000305175781,67.05000305175781,1408500
2020-09-11,67.44999694824219,67.75,66.08000183105469,67.06999969482422,67.06999969482422,1182400
2020-09-14,67.80000305175781,71.94999694824219,67.66999816894531,71.4000015258789,71.4000015258789,1559800
2020-09-15,71.81999969482422,72.19000244140625,69.0,70.93000030517578,70.93000030517578,1492000
2020-09-16,71.72000122070312,73.5999984741211,70.91000366210938,72.08000183105469,72.08000183105469,1516000
2020-09-17,70.83000183105469,72.26000213623047,69.27999877929688,70.51000213623047,70.51000213623047,1080500
2020-09-18,70.01000213623047,71.19999694824219,67.33000183105469,68.4800033569336,68.4800033569336,2609300
2020-09-21,66.19999694824219,66.47000122070312,63.650001525878906,64.68000030517578,64.68000030517578,1450900
2020-09-22,64.8499984741211,65.86000061035156,63.40999984741211,64.36000061035156,64.36000061035156,1402700
2020-09-23,65.5,66.2699966430664,61.95000076293945,62.08000183105469,62.08000183105469,958000
2020-09-24,61.79999923706055,62.58000183105469,59.68000030517578,61.880001068115234,61.880001068115234,1213100
2020-09-25,61.400001525878906,61.970001220703125,60.880001068115234,61.5,61.5,952100
2020-09-28,63.02000045776367,63.34000015258789,61.689998626708984,61.88999938964844,61.88999938964844,1338500
2020-09-29,61.529998779296875,61.689998626708984,58.59000015258789,58.689998626708984,58.689998626708984,1134300
2020-09-30,58.97999954223633,61.150001525878906,58.97999954223633,59.63999938964844,59.63999938964844,1708900
2020-10-01,60.099998474121094,61.40999984741211,59.560001373291016,60.59000015258789,60.59000015258789,1255800
2020-10-02,58.56999969482422,62.2400016784668,58.34000015258789,62.119998931884766,62.119998931884766,1117300
2020-10-05,62.88999938964844,64.33999633789062,62.20000076293945,63.790000915527344,63.790000915527344,934400
2020-10-06,64.68000030517578,65.31999969482422,61.349998474121094,61.63999938964844,61.63999938964844,883800
2020-10-07,62.5,64.83000183105469,62.119998931884766,64.44000244140625,64.44000244140625,1181600
2020-10-08,64.87000274658203,67.66000366210938,64.51000213623047,67.61000061035156,67.61000061035156,969200
2020-10-09,68.0999984741211,68.4800033569336,65.54000091552734,66.12999725341797,66.12999725341797,1113100
2020-10-12,66.5,66.5,65.12000274658203,65.58999633789062,65.58999633789062,754100
2020-10-13,64.94999694824219,66.19999694824219,62.06999969482422,62.540000915527344,62.540000915527344,1555700
2020-10-14,62.54999923706055,63.779998779296875,61.880001068115234,62.209999084472656,62.209999084472656,730700
2020-10-15,61.189998626708984,63.959999084472656,60.61000061035156,63.86000061035156,63.86000061035156,1042700
2020-10-16,64.20999908447266,64.62999725341797,62.09000015258789,62.15999984741211,62.15999984741211,1145400
2020-10-19,62.849998474121094,64.33000183105469,61.9900016784668,62.04999923706055,62.04999923706055,1165800
2020-10-20,62.560001373291016,64.05999755859375,61.220001220703125,61.59000015258789,61.59000015258789,821200
2020-10-21,61.290000915527344,62.790000915527344,60.63999938964844,61.41999816894531,61.41999816894531,848400
2020-10-22,61.619998931884766,65.05999755859375,61.619998931884766,64.9800033569336,64.9800033569336,912200
2020-10-23,65.87999725341797,65.87999725341797,63.77000045776367,64.94000244140625,64.94000244140625,943800
2020-10-26,64.55000305175781,64.55999755859375,61.0099983215332,62.279998779296875,62.279998779296875,1067300
2020-10-27,62.13999938964844,63.400001525878906,60.93000030517578,60.9900016784668,60.9900016784668,669900
2020-10-28,59.0,60.290000915527344,58.369998931884766,58.5099983215332,58.5099983215332,986300
2020-10-29,58.459999084472656,61.75,57.56999969482422,61.119998931884766,61.119998931884766,2277700
2020-10-30,61.189998626708984,61.29999923706055,57.349998474121094,58.290000915527344,58.290000915527344,1450300
2020-11-02,59.33000183105469,61.290000915527344,58.66999816894531,59.77000045776367,59.77000045776367,1750400
2020-11-03,60.7599983215332,63.90999984741211,60.529998779296875,63.20000076293945,63.20000076293945,1413800
2020-11-04,62.220001220703125,63.150001525878906,60.5099983215332,61.08000183105469,61.08000183105469,983700
2020-11-05,61.529998779296875,62.709999084472656,60.79999923706055,62.439998626708984,62.439998626708984,1188300
2020-11-06,61.970001220703125,62.9900016784668,58.81999969482422,59.099998474121094,59.099998474121094,1371000
2020-11-09,66.16000366210938,73.23999786376953,66.1500015258789,70.83999633789062,70.83999633789062,2402400
2020-11-10,71.30000305175781,73.36000061035156,70.69999694824219,71.9000015258789,71.9000015258789,1219500
2020-11-11,72.88999938964844,72.94000244140625,67.02999877929688,67.63999938964844,67.63999938964844,1640600
2020-11-12,67.26000213623047,67.9000015258789,64.19999694824219,65.37000274658203,65.37000274658203,1145000
2020-11-13,66.62000274658203,70.69000244140625,66.58999633789062,70.08999633789062,70.08999633789062,779500
2020-11-16,74.0,75.83000183105469,72.43000030517578,75.5199966430664,75.5199966430664,1588300
2020-11-17,74.29000091552734,79.44999694824219,73.81999969482422,78.94000244140625,78.94000244140625,1457600
2020-11-18,79.5,81.12999725341797,78.4800033569336,78.66999816894531,78.66999816894531,989200
2020-11-19,77.16000366210938,80.31999969482422,76.05000305175781,78.77999877929688,78.77999877929688,1104500
2020-11-20,78.54000091552734,79.0,75.0999984741211,76.76000213623047,76.76000213623047,1065700
2020-11-23,78.62999725341797,81.4000015258789,77.66999816894531,81.0999984741211,81.0999984741211,1111800
2020-11-24,85.70999908447266,87.4000015258789,82.83000183105469,86.37999725341797,86.37999725341797,1496100
2020-11-25,84.56999969482422,84.93000030517578,82.83000183105469,84.72000122070312,84.72000122070312,1130700
2020-11-27,85.0,85.0199966430664,83.13999938964844,83.87000274658203,83.87000274658203,633700
2020-11-30,84.56999969482422,84.76000213623047,79.44999694824219,79.48999786376953,79.48999786376953,1388100
2020-12-01,82.3499984741211,84.06999969482422,80.52999877929688,81.80000305175781,81.80000305175781,1957600
2020-12-02,80.54000091552734,84.0999984741211,79.44999694824219,83.29000091552734,83.29000091552734,1613900
2020-12-03,83.33999633789062,90.94999694824219,82.5,88.13999938964844,88.13999938964844,2393300
2020-12-04,88.73999786376953,91.75,87.58000183105469,91.52999877929688,91.52999877929688,2048100
2020-12-07,90.83999633789062,92.68000030517578,89.72000122070312,92.26000213623047,92.26000213623047,1069200
2020-12-08,90.44000244140625,92.77999877929688,90.31999969482422,91.68000030517578,91.68000030517578,1264000
2020-12-09,92.12000274658203,94.48999786376953,90.5199966430664,93.66000366210938,93.66000366210938,1241000
2020-12-10,94.30999755859375,96.08999633789062,93.12999725341797,94.63999938964844,94.63999938964844,1197500
2020-12-11,96.29000091552734,96.69999694824219,92.94999694824219,94.33000183105469,94.33000183105469,909200
